seed,fold,bin_number,prediction_time_ms,training_cases,validation_cases,accuracy,balanced_accuracy,macro_f1,mean_log_loss,elapsed_seconds
42,1,1,50,252,64,0.515625,0.515625,0.5155067155067155,0.7585793327493775,0.025645999936386943
42,1,2,100,252,64,0.46875,0.46875,0.4666666666666667,0.8648905698223572,0.010736624943092465
42,1,3,150,252,64,0.5625,0.5625,0.5620723362658846,0.701866836368893,0.01011383393779397
42,1,4,200,252,64,0.59375,0.59375,0.5933528836754643,0.6568115446770981,0.010589541867375374
42,1,5,250,252,64,0.625,0.625,0.624633431085044,0.6688470413770815,0.011078082956373692
42,1,6,300,252,64,0.703125,0.703125,0.703052503052503,0.5957233471634429,0.011157249798998237
42,1,7,350,252,64,0.75,0.75,0.7490196078431373,0.5253128283769599,0.010734040988609195
42,1,8,400,252,64,0.703125,0.703125,0.7024712503058478,0.48986808012534144,0.010526333935558796
42,1,9,450,252,64,0.765625,0.765625,0.7655677655677655,0.38713470558602503,0.011904000071808696
42,1,10,500,252,64,0.84375,0.84375,0.84375,0.3687367368375955,0.01083275000564754
42,2,1,50,252,64,0.546875,0.546875,0.5467643467643468,0.8151129007133019,0.009012791095301509
42,2,2,100,252,64,0.5625,0.5625,0.5620723362658846,0.7863385791761159,0.009358833078294992
42,2,3,150,252,64,0.625,0.625,0.6235294117647059,0.7582230890959578,0.00936562498100102
42,2,4,200,252,64,0.640625,0.640625,0.6405372405372405,0.7479132822395393,0.009469666983932257
42,2,5,250,252,64,0.671875,0.671875,0.6711524345485687,0.7854163312668534,0.0097807920537889
42,2,6,300,252,64,0.71875,0.71875,0.71875,0.6928045596025011,0.010078415973111987
42,2,7,350,252,64,0.65625,0.65625,0.6559139784946236,0.628643356368743,0.010291832964867353
42,2,8,400,252,64,0.78125,0.78125,0.7803921568627451,0.5429091255581248,0.009990917053073645
42,2,9,450,252,64,0.78125,0.78125,0.78125,0.4773230323073677,0.010391624877229333
42,2,10,500,252,64,0.796875,0.796875,0.7964276975776854,0.4527420603787378,0.010087207891047001
42,3,1,50,253,63,0.5714285714285714,0.5730846774193548,0.5675057208237986,0.7678694053478218,0.009073666064068675
42,3,2,100,253,63,0.42857142857142855,0.42893145161290325,0.42842741935483875,0.905924689253637,0.009201749926432967
42,3,3,150,253,63,0.4444444444444444,0.44455645161290325,0.4444444444444444,0.8160082874746889,0.009403249947354198
42,3,4,200,253,63,0.4603174603174603,0.46018145161290325,0.46018145161290325,0.7745260386852499,0.009445250034332275
42,3,5,250,253,63,0.6666666666666666,0.6668346774193548,0.6666666666666666,0.6026418869670218,0.010598916094750166
42,3,6,300,253,63,0.6507936507936508,0.6512096774193548,0.6507056451612903,0.5573824949426669,0.012452000053599477
42,3,7,350,253,63,0.7301587301587301,0.7303427419354839,0.7301587301587301,0.49452891825646356,0.011560916900634766
42,3,8,400,253,63,0.8412698412698413,0.8412298387096775,0.8412298387096775,0.35107852621055397,0.010956875048577785
42,3,9,450,253,63,0.6984126984126984,0.6980846774193548,0.6981084489281211,0.4213398301756855,0.01122754206880927
42,3,10,500,253,63,0.7936507936507936,0.7943548387096775,0.7934426229508197,0.3743912841588162,0.013359999982640147
42,4,1,50,253,63,0.4444444444444444,0.44405241935483875,0.4438839848675914,0.8294200812736446,0.009415582986548543
42,4,2,100,253,63,0.5714285714285714,0.5715725806451613,0.5714285714285714,0.8029336201357103,0.009515250101685524
42,4,3,150,253,63,0.5714285714285714,0.5705645161290323,0.5696939033645332,0.7231950634461135,0.009660374838858843
42,4,4,200,253,63,0.5396825396825397,0.5398185483870968,0.5396825396825397,0.7309689923370527,0.00959050003439188
42,4,5,250,253,63,0.6825396825396826,0.6814516129032258,0.6805273833671399,0.6005821013126623,0.009846166940405965
42,4,6,300,253,63,0.7301587301587301,0.7293346774193548,0.7290665317480395,0.5352410912508706,0.009979583090171218
42,4,7,350,253,63,0.7777777777777778,0.7777217741935484,0.7777217741935484,0.44802840065577787,0.010010625002905726
42,4,8,400,253,63,0.8412698412698413,0.8407258064516129,0.8409090909090909,0.36621769602485754,0.009982208954170346
42,4,9,450,253,63,0.9047619047619048,0.9047379032258065,0.9047379032258065,0.31431806969329823,0.010102417087182403
42,4,10,500,253,63,0.9047619047619048,0.905241935483871,0.9047379032258065,0.25554427332676005,0.009971582796424627
42,5,1,50,254,62,0.5967741935483871,0.596774193548387,0.5941345902068604,0.7452432386199143,0.008977665798738599
42,5,2,100,254,62,0.5967741935483871,0.5967741935483871,0.5966692688004163,0.7088816031017029,0.009003291139379144
42,5,3,150,254,62,0.5645161290322581,0.564516129032258,0.5634941329856584,0.6880159737835638,0.00942479190416634
42,5,4,200,254,62,0.5645161290322581,0.564516129032258,0.5634941329856584,0.6682277659695866,0.009473792044445872
42,5,5,250,254,62,0.532258064516129,0.532258064516129,0.5311603650586701,0.6968823613361401,0.00970904203131795
42,5,6,300,254,62,0.6612903225806451,0.6612903225806452,0.6590730557737627,0.6191748879002954,0.009957790840417147
42,5,7,350,254,62,0.7580645161290323,0.7580645161290323,0.7574967405475881,0.4934115287057421,0.010059959022328258
42,5,8,400,254,62,0.7258064516129032,0.7258064516129032,0.7257351027842831,0.4394861560709972,0.010086500085890293
42,5,9,450,254,62,0.8225806451612904,0.8225806451612903,0.8214192196910186,0.39475290468709673,0.009969833074137568
42,5,10,500,254,62,0.8709677419354839,0.8709677419354838,0.87042842215256,0.36991857886356894,0.00994437513872981
43,1,1,50,252,64,0.5,0.5,0.4980392156862745,1.008506116155319,0.008938082959502935
43,1,2,100,252,64,0.390625,0.390625,0.3904761904761905,1.1378847197810487,0.009253458818420768
43,1,3,150,252,64,0.40625,0.40625,0.40625,1.0059143652214861,0.009187915828078985
43,1,4,200,252,64,0.5,0.5,0.49556650246305417,0.8795218331720965,0.009337417082861066
43,1,5,250,252,64,0.53125,0.53125,0.5294117647058824,0.8436676559671954,0.009591457899659872
43,1,6,300,252,64,0.625,0.625,0.624633431085044,0.7264852873563312,0.010121374856680632
43,1,7,350,252,64,0.71875,0.71875,0.718475073313783,0.5435634259885131,0.00991166615858674
43,1,8,400,252,64,0.796875,0.796875,0.7964276975776854,0.43781588664895044,0.009894875111058354
43,1,9,450,252,64,0.859375,0.859375,0.8590653290922436,0.3478552730247122,0.011559916194528341
43,1,10,500,252,64,0.859375,0.859375,0.8590653290922436,0.3154788365669675,0.011980875162407756
43,2,1,50,252,64,0.484375,0.484375,0.48323954000489355,0.8483720306314451,0.009353582980111241
43,2,2,100,252,64,0.5625,0.5625,0.5620723362658846,0.7198127599132403,0.009780500084161758
43,2,3,150,252,64,0.53125,0.53125,0.53125,0.6815645103174083,0.009768167044967413
43,2,4,200,252,64,0.578125,0.578125,0.577195987276731,0.6943630039309641,0.010958499973639846
43,2,5,250,252,64,0.65625,0.65625,0.6559139784946236,0.6241254735637336,0.010745540959760547
43,2,6,300,252,64,0.734375,0.734375,0.7343101343101344,0.625306224083984,0.0111282910220325
43,2,7,350,252,64,0.71875,0.71875,0.71875,0.5723513895530399,0.010238084010779858
43,2,8,400,252,64,0.78125,0.78125,0.78125,0.4546809653076915,0.010502999881282449
43,2,9,450,252,64,0.8125,0.8125,0.8123167155425219,0.359353601408837,0.010710000060498714
43,2,10,500,252,64,0.84375,0.84375,0.8435972629521017,0.33854264240726184,0.011199374916031957
43,3,1,50,253,63,0.4603174603174603,0.46018145161290325,0.46018145161290325,0.8182030717324171,0.00906837498769164
43,3,2,100,253,63,0.47619047619047616,0.47731854838709675,0.4740703263344296,0.7973462968120663,0.009179041953757405
43,3,3,150,253,63,0.5873015873015873,0.5887096774193548,0.584685598377282,0.7044524001352273,0.009330792119726539
43,3,4,200,253,63,0.5873015873015873,0.5871975806451613,0.5871975806451613,0.6386393993574047,0.009355457965284586
43,3,5,250,253,63,0.6666666666666666,0.6653225806451613,0.6636155606407322,0.6678850645897085,0.00954437511973083
43,3,6,300,253,63,0.6984126984126984,0.6965725806451613,0.6934699103713189,0.6159107667424986,0.010146833956241608
43,3,7,350,253,63,0.7936507936507936,0.7933467741935484,0.7934426229508197,0.47296498466619924,0.010183624923229218
43,3,8,400,253,63,0.7619047619047619,0.7610887096774194,0.7609410574247407,0.41472663515895253,0.009929750114679337
43,3,9,450,253,63,0.8095238095238095,0.8084677419354839,0.808316430020284,0.4214439848336021,0.009916000068187714
43,3,10,500,253,63,0.8095238095238095,0.8079637096774194,0.8071428571428572,0.38557740890788406,0.009992375038564205
43,4,1,50,253,63,0.5079365079365079,0.5075604838709677,0.5074401008827238,0.8697287131738032,0.008838500129058957
43,4,2,100,253,63,0.5396825396825397,0.5403225806451613,0.53921815889029,0.8194668052869015,0.00889020785689354
43,4,3,150,253,63,0.6190476190476191,0.6174395161290323,0.6142857142857143,0.7247624847311719,0.0090548328589648
43,4,4,200,253,63,0.5396825396825397,0.5383064516129032,0.5354691075514875,0.7538129369298616,0.009508582996204495
43,4,5,250,253,63,0.6507936507936508,0.6502016129032258,0.6499999999999999,0.6198514810472849,0.010191333014518023
43,4,6,300,253,63,0.7142857142857143,0.7127016129032258,0.7107142857142857,0.5458714981697372,0.010001624934375286
43,4,7,350,253,63,0.7301587301587301,0.7293346774193548,0.7290665317480395,0.5392875806105035,0.009793083881959319
43,4,8,400,253,63,0.746031746031746,0.7444556451612903,0.7428571428571429,0.4852224502564624,0.009884916013106704
43,4,9,450,253,63,0.7142857142857143,0.7142137096774194,0.7142137096774194,0.48854527018554367,0.00995308393612504
43,4,10,500,253,63,0.7777777777777778,0.7782258064516129,0.7777217741935484,0.4115915777988694,0.00982083403505385
43,5,1,50,254,62,0.6451612903225806,0.6451612903225807,0.6436781609195402,0.7381514866179365,0.00872187502682209
43,5,2,100,254,62,0.5967741935483871,0.596774193548387,0.5958279009126467,0.7806758484645339,0.009129500016570091
43,5,3,150,254,62,0.6774193548387096,0.6774193548387097,0.6770833333333333,0.6730631874055086,0.009144250070676208
43,5,4,200,254,62,0.6290322580645161,0.6290322580645161,0.6242424242424243,0.653895916623543,0.009298374876379967
43,5,5,250,254,62,0.6774193548387096,0.6774193548387097,0.6688034188034189,0.6380851363884797,0.009484207956120372
43,5,6,300,254,62,0.7258064516129032,0.7258064516129032,0.719904331650279,0.5509060332000638,0.009793333010748029
43,5,7,350,254,62,0.7903225806451613,0.7903225806451613,0.7876152832674572,0.4572769988255094,0.009745208080857992
43,5,8,400,254,62,0.8709677419354839,0.8709677419354839,0.8697478991596639,0.38114401622355504,0.009749584132805467
43,5,9,450,254,62,0.8387096774193549,0.8387096774193548,0.8380355276907001,0.35042740422272983,0.00986166694201529
43,5,10,500,254,62,0.8548387096774194,0.8548387096774193,0.8544980443285528,0.3431290132296175,0.009856540942564607
44,1,1,50,252,64,0.46875,0.46875,0.4682306940371457,0.8306872568680383,0.008775957860052586
44,1,2,100,252,64,0.46875,0.46875,0.4682306940371457,0.856039053879673,0.00889845797792077
44,1,3,150,252,64,0.46875,0.46875,0.4682306940371457,0.8262247425458378,0.00920045911334455
44,1,4,200,252,64,0.484375,0.484375,0.48424908424908425,0.8158353899139952,0.009337625000625849
44,1,5,250,252,64,0.578125,0.578125,0.5755342667649226,0.698593924062896,0.009466166142374277
44,1,6,300,252,64,0.6875,0.6875,0.6875,0.564993818625916,0.009678709087893367
44,1,7,350,252,64,0.6875,0.6875,0.6875,0.5719751009210284,0.00975191593170166
44,1,8,400,252,64,0.75,0.75,0.7477832512315271,0.4933447313170308,0.009826207999140024
44,1,9,450,252,64,0.71875,0.71875,0.7142857142857143,0.4703347298505573,0.009702999843284488
44,1,10,500,252,64,0.765625,0.765625,0.7627872498146775,0.4036879262001482,0.00970749999396503
44,2,1,50,252,64,0.375,0.375,0.35935935935935936,0.9416048955153228,0.008784834062680602
44,2,2,100,252,64,0.5625,0.5625,0.5620723362658846,0.8801334538978048,0.009100666968151927
44,2,3,150,252,64,0.5625,0.5625,0.5586206896551724,0.7876329124098771,0.009126124903559685
44,2,4,200,252,64,0.5625,0.5625,0.5625,0.7797978885564245,0.009233875200152397
44,2,5,250,252,64,0.59375,0.59375,0.5933528836754643,0.6479701269422853,0.009386833058670163
44,2,6,300,252,64,0.640625,0.640625,0.6405372405372405,0.6284100929493864,0.00986733310855925
44,2,7,350,252,64,0.65625,0.65625,0.6559139784946236,0.5955084187474236,0.009705791948363185
44,2,8,400,252,64,0.6875,0.6875,0.6875,0.5535391002235723,0.009714291896671057
44,2,9,450,252,64,0.78125,0.78125,0.78125,0.489622515368597,0.00972120906226337
44,2,10,500,252,64,0.796875,0.796875,0.7956276099238517,0.48590992760902807,0.009926749859005213
44,3,1,50,253,63,0.5238095238095238,0.5241935483870968,0.5236895161290323,0.8202803113220068,0.008756499970331788
44,3,2,100,253,63,0.5714285714285714,0.5710685483870968,0.5709962168978562,0.8031570199099901,0.008896542014554143
44,3,3,150,253,63,0.5396825396825397,0.5383064516129032,0.5354691075514875,0.7564504061343823,0.009099167073145509
44,3,4,200,253,63,0.6031746031746031,0.6028225806451613,0.6027742749054225,0.7495202369717131,0.009386416990309954
44,3,5,250,253,63,0.6031746031746031,0.6018145161290323,0.5995423340961098,0.7076186565306076,0.009513667086139321
44,3,6,300,253,63,0.6984126984126984,0.6980846774193548,0.6981084489281211,0.6713021180944206,0.009726916905492544
44,3,7,350,253,63,0.6825396825396826,0.6824596774193548,0.6824596774193548,0.5747460040336972,0.010058665880933404
44,3,8,400,253,63,0.8095238095238095,0.8089717741935484,0.8090909090909091,0.397696442178098,0.010577624896541238
44,3,9,450,253,63,0.8095238095238095,0.8089717741935484,0.8090909090909091,0.39315971451710063,0.010134084150195122
44,3,10,500,253,63,0.8412698412698413,0.841733870967742,0.8412298387096775,0.4343022913698903,0.010000208858400583
44,4,1,50,253,63,0.5396825396825397,0.5388104838709677,0.537819377687832,0.890917016850614,0.008892458863556385
44,4,2,100,253,63,0.4126984126984127,0.4122983870967742,0.41210592686002523,0.8356152741273053,0.009079334093257785
44,4,3,150,253,63,0.5238095238095238,0.5211693548387097,0.5088357588357588,0.7254891333559709,0.009209041949361563
44,4,4,200,253,63,0.5555555555555556,0.5539314516129032,0.55,0.7090599555088001,0.009365750011056662
44,4,5,250,253,63,0.6825396825396826,0.6804435483870968,0.6759259259259259,0.5947719373802218,0.009494667174294591
44,4,6,300,253,63,0.6666666666666666,0.6628024193548387,0.6436843522757878,0.6551987871591242,0.009913292014971375
44,4,7,350,253,63,0.6825396825396826,0.6799395161290323,0.6725571725571726,0.6230335995951214,0.009884542087092996
44,4,8,400,253,63,0.6984126984126984,0.6955645161290323,0.6870588235294117,0.5277671898529837,0.009920667158439755
44,4,9,450,253,63,0.7301587301587301,0.7278225806451613,0.7231842853450503,0.43588163932625495,0.009864832973107696
44,4,10,500,253,63,0.7777777777777778,0.7762096774193548,0.775,0.4162340099675268,0.00995049998164177
44,5,1,50,254,62,0.41935483870967744,0.41935483870967744,0.41935483870967744,0.8285637950365146,0.008821208029985428
44,5,2,100,254,62,0.4838709677419355,0.4838709677419355,0.4700854700854701,0.8159853936012601,0.008949375012889504
44,5,3,150,254,62,0.5967741935483871,0.5967741935483871,0.5915678524374176,0.7846881511657214,0.009119082940742373
44,5,4,200,254,62,0.6129032258064516,0.6129032258064515,0.6112852664576802,0.7676304424011184,0.00938900001347065
44,5,5,250,254,62,0.6290322580645161,0.6290322580645161,0.628935727296383,0.7668671088869629,0.009590292116627097
44,5,6,300,254,62,0.6935483870967742,0.6935483870967742,0.6928292046936115,0.6624531242223346,0.009866500040516257
44,5,7,350,254,62,0.8064516129032258,0.8064516129032258,0.8046218487394958,0.44774392336097635,0.00981237506493926
44,5,8,400,254,62,0.7903225806451613,0.7903225806451613,0.7876152832674572,0.3896350345587987,0.009937542024999857
44,5,9,450,254,62,0.9032258064516129,0.903225806451613,0.9028213166144201,0.31443744655282524,0.010053083999082446
44,5,10,500,254,62,0.9032258064516129,0.9032258064516129,0.9023109243697479,0.25493880657659124,0.010311667108908296
