seed,fold,layer,split,cases,accuracy,balanced_accuracy,macro_f1,roc_auc
42,1,f1_bp_cssd,training,252,0.6785714285714286,0.6785826771653544,0.678566366943294,0.7387716535433071
42,1,f1_bp_cssd,validation,64,0.625,0.625,0.6216748768472906,0.65234375
42,1,f2_erd_cssd,training,252,0.9285714285714286,0.9285669291338583,0.9285669291338583,0.9680629921259842
42,1,f2_erd_cssd,validation,64,0.828125,0.828125,0.828083028083028,0.9169921875
42,1,f3_bp_trend,training,252,0.8571428571428571,0.857259842519685,0.8571338582677166,0.9308346456692913
42,1,f3_bp_trend,validation,64,0.671875,0.671875,0.6717948717948719,0.775390625
42,1,final_in_sample_fusion,training,252,0.9325396825396826,0.932503937007874,0.9325301204819277,0.9869606299212599
42,1,final_in_sample_fusion,validation,64,0.859375,0.859375,0.8593406593406594,0.9267578125
42,2,f1_bp_cssd,training,252,0.626984126984127,0.6267086614173228,0.6263958109898429,0.6794330708661417
42,2,f1_bp_cssd,validation,64,0.5625,0.5625,0.5607843137254902,0.654296875
42,2,f2_erd_cssd,training,252,0.876984126984127,0.8770708661417324,0.8769821898178038,0.9622677165354331
42,2,f2_erd_cssd,validation,64,0.8125,0.8125,0.8123167155425219,0.8984375
42,2,f3_bp_trend,training,252,0.8373015873015873,0.8373858267716535,0.837299025242902,0.9235275590551181
42,2,f3_bp_trend,validation,64,0.78125,0.78125,0.7810361681329423,0.8515625
42,2,final_in_sample_fusion,training,252,0.9563492063492064,0.9565039370078741,0.956343019135365,0.9908031496062992
42,2,final_in_sample_fusion,validation,64,0.84375,0.84375,0.8435972629521017,0.916015625
42,3,f1_bp_cssd,training,253,0.6679841897233202,0.6680727409073866,0.667854463615904,0.743469566304212
42,3,f1_bp_cssd,validation,63,0.6349206349206349,0.6355846774193548,0.6345523329129887,0.6552419354838709
42,3,f2_erd_cssd,training,253,0.8932806324110671,0.893294588176478,0.8932806324110671,0.9793150856142983
42,3,f2_erd_cssd,validation,63,0.746031746031746,0.7449596774193548,0.7444219066937119,0.782258064516129
42,3,f3_bp_trend,training,253,0.849802371541502,0.8499562554680664,0.849612063571518,0.9278215223097113
42,3,f3_bp_trend,validation,63,0.7301587301587301,0.7303427419354839,0.7301587301587301,0.783266129032258
42,3,final_in_sample_fusion,training,253,0.9683794466403162,0.9683789526309211,0.9683789526309211,0.9947506561679791
42,3,final_in_sample_fusion,validation,63,0.746031746031746,0.7464717741935484,0.7459677419354839,0.873991935483871
42,4,f1_bp_cssd,training,253,0.6640316205533597,0.6639170103737033,0.6636953632027524,0.7761529808773904
42,4,f1_bp_cssd,validation,63,0.7142857142857143,0.7142137096774194,0.7142137096774194,0.7479838709677419
42,4,f2_erd_cssd,training,253,0.9011857707509882,0.9011998500187477,0.9011857707509882,0.9673165854268216
42,4,f2_erd_cssd,validation,63,0.8253968253968254,0.8256048387096775,0.8253968253968254,0.8901209677419355
42,4,f3_bp_trend,training,253,0.8221343873517787,0.8222722159730034,0.8219563687543983,0.9010123734533183
42,4,f3_bp_trend,validation,63,0.8412698412698413,0.8402217741935484,0.84026369168357,0.9334677419354839
42,4,final_in_sample_fusion,training,253,0.932806324110672,0.9327896512935883,0.9328021248339973,0.9840644919385078
42,4,final_in_sample_fusion,validation,63,0.9206349206349206,0.9203629032258065,0.9205548549810845,0.967741935483871
42,5,f1_bp_cssd,training,254,0.7125984251968503,0.7127356150793651,0.7125583270032709,0.8017733134920635
42,5,f1_bp_cssd,validation,62,0.5483870967741935,0.5483870967741935,0.5441176470588236,0.6004162330905307
42,5,f2_erd_cssd,training,254,0.905511811023622,0.9053819444444444,0.9054590570719603,0.968812003968254
42,5,f2_erd_cssd,validation,62,0.8225806451612904,0.8225806451612903,0.8221642764015646,0.9209157127991675
42,5,f3_bp_trend,training,254,0.8385826771653543,0.8386036706349207,0.8385801751530653,0.923673115079365
42,5,f3_bp_trend,validation,62,0.8225806451612904,0.8225806451612903,0.8214192196910186,0.8293444328824141
42,5,final_in_sample_fusion,training,254,0.9448818897637795,0.9449404761904762,0.9448818897637795,0.9876612103174603
42,5,final_in_sample_fusion,validation,62,0.7903225806451613,0.7903225806451613,0.7876152832674572,0.9344432882414152
43,1,f1_bp_cssd,training,252,0.6825396825396826,0.6827086614173228,0.6824596774193548,0.7469606299212598
43,1,f1_bp_cssd,validation,64,0.75,0.75,0.7497556207233627,0.771484375
43,1,f2_erd_cssd,training,252,0.9126984126984127,0.9126929133858268,0.9126929133858268,0.9796535433070866
43,1,f2_erd_cssd,validation,64,0.8125,0.8125,0.8123167155425219,0.9248046875
43,1,f3_bp_trend,training,252,0.8452380952380952,0.8454488188976378,0.8451771451976244,0.9194330708661417
43,1,f3_bp_trend,validation,64,0.765625,0.765625,0.7651088818204062,0.8466796875
43,1,final_in_sample_fusion,training,252,0.9603174603174603,0.960251968503937,0.9603074596774194,0.9916850393700788
43,1,final_in_sample_fusion,validation,64,0.90625,0.90625,0.9058823529411765,0.982421875
43,2,f1_bp_cssd,training,252,0.7182539682539683,0.7187086614173228,0.7175021709955001,0.8257007874015748
43,2,f1_bp_cssd,validation,64,0.640625,0.640625,0.6405372405372405,0.73828125
43,2,f2_erd_cssd,training,252,0.9087301587301587,0.9085669291338583,0.9086596800882515,0.9703307086614172
43,2,f2_erd_cssd,validation,64,0.71875,0.71875,0.71875,0.8466796875
43,2,f3_bp_trend,training,252,0.8492063492063492,0.849259842519685,0.8492063492063492,0.9217007874015748
43,2,f3_bp_trend,validation,64,0.75,0.75,0.75,0.84375
43,2,final_in_sample_fusion,training,252,0.9523809523809523,0.9525039370078741,0.9523779527559055,0.9916220472440944
43,2,final_in_sample_fusion,validation,64,0.8125,0.8125,0.8123167155425219,0.9072265625
43,3,f1_bp_cssd,training,253,0.7272727272727273,0.7273465816772904,0.7272045379963433,0.796400449943757
43,3,f1_bp_cssd,validation,63,0.6190476190476191,0.6169354838709677,0.6111111111111112,0.659274193548387
43,3,f2_erd_cssd,training,253,0.9011857707509882,0.9011686039245095,0.9011795953441137,0.9659417572803399
43,3,f2_erd_cssd,validation,63,0.7142857142857143,0.7132056451612903,0.712474645030426,0.8387096774193548
43,3,f3_bp_trend,training,253,0.8379446640316206,0.8380514935633046,0.8378534694324168,0.9153855768028996
43,3,f3_bp_trend,validation,63,0.7777777777777778,0.7762096774193548,0.775,0.8558467741935484
43,3,final_in_sample_fusion,training,253,0.9407114624505929,0.9407574053243344,0.9407077572064683,0.9865016872890888
43,3,final_in_sample_fusion,validation,63,0.8095238095238095,0.8074596774193548,0.8055555555555556,0.9203629032258065
43,4,f1_bp_cssd,training,253,0.7549407114624506,0.7550306211723534,0.7548449612403101,0.8122109736282965
43,4,f1_bp_cssd,validation,63,0.7301587301587301,0.7318548387096775,0.7276887871853547,0.7651209677419355
43,4,f2_erd_cssd,training,253,0.8893280632411067,0.8892950881139857,0.8893125,0.9698787651543557
43,4,f2_erd_cssd,validation,63,0.7936507936507936,0.7918346774193548,0.790268886043534,0.9032258064516129
43,4,f3_bp_trend,training,253,0.8379446640316206,0.8379890013748281,0.8379345363643466,0.918135233095863
43,4,f3_bp_trend,validation,63,0.8253968253968254,0.826108870967742,0.825220680958386,0.876008064516129
43,4,final_in_sample_fusion,training,253,0.932806324110672,0.9327896512935883,0.9328021248339973,0.9848768903887015
43,4,final_in_sample_fusion,validation,63,0.873015873015873,0.8734879032258065,0.872983870967742,0.9375
43,5,f1_bp_cssd,training,254,0.6614173228346457,0.6612723214285714,0.661228287841191,0.7256324404761905
43,5,f1_bp_cssd,validation,62,0.7096774193548387,0.7096774193548387,0.7069327731092437,0.7627471383975026
43,5,f2_erd_cssd,training,254,0.8818897637795275,0.8817584325396826,0.8818238213399503,0.9665178571428572
43,5,f2_erd_cssd,validation,62,0.7741935483870968,0.7741935483870968,0.7739583333333333,0.8834547346514048
43,5,f3_bp_trend,training,254,0.8464566929133859,0.8466021825396826,0.8464352705907886,0.9206349206349207
43,5,f3_bp_trend,validation,62,0.7741935483870968,0.7741935483870968,0.7732497387669801,0.8772112382934444
43,5,final_in_sample_fusion,training,254,0.937007874015748,0.9370659722222222,0.937007874015748,0.9900793650793651
43,5,final_in_sample_fusion,validation,62,0.8870967741935484,0.8870967741935484,0.8863576852579209,0.9573361082206036
44,1,f1_bp_cssd,training,252,0.7063492063492064,0.7066456692913385,0.7060529634300126,0.7692598425196849
44,1,f1_bp_cssd,validation,64,0.53125,0.53125,0.5076923076923077,0.548828125
44,1,f2_erd_cssd,training,252,0.9126984126984127,0.9123779527559055,0.9125,0.9723464566929134
44,1,f2_erd_cssd,validation,64,0.734375,0.734375,0.7311588831233011,0.8583984375
44,1,f3_bp_trend,training,252,0.8333333333333334,0.8333858267716535,0.8333333333333334,0.9123779527559055
44,1,f3_bp_trend,validation,64,0.734375,0.734375,0.733790066063127,0.8779296875
44,1,final_in_sample_fusion,training,252,0.9523809523809523,0.9523149606299213,0.9523689516129032,0.9900472440944881
44,1,final_in_sample_fusion,validation,64,0.8125,0.8125,0.8123167155425219,0.8974609375
44,2,f1_bp_cssd,training,252,0.6984126984126984,0.6987716535433071,0.6979370386726389,0.7378267716535434
44,2,f1_bp_cssd,validation,64,0.640625,0.640625,0.6405372405372405,0.6943359375
44,2,f2_erd_cssd,training,252,0.876984126984127,0.8768818897637796,0.8769356795160604,0.9617007874015747
44,2,f2_erd_cssd,validation,64,0.796875,0.796875,0.7968253968253969,0.9287109375
44,2,f3_bp_trend,training,252,0.8492063492063492,0.8495748031496063,0.8489685193363194,0.9304566929133858
44,2,f3_bp_trend,validation,64,0.734375,0.734375,0.733790066063127,0.7822265625
44,2,final_in_sample_fusion,training,252,0.9365079365079365,0.9366929133858268,0.936491935483871,0.9874015748031495
44,2,final_in_sample_fusion,validation,64,0.859375,0.859375,0.8590653290922436,0.9208984375
44,3,f1_bp_cssd,training,253,0.6798418972332015,0.6797587801524809,0.6796617322933112,0.7529058867641545
44,3,f1_bp_cssd,validation,63,0.7142857142857143,0.7147177419354839,0.7142137096774194,0.7762096774193548
44,3,f2_erd_cssd,training,253,0.9209486166007905,0.9209473815773028,0.9209473815773028,0.9730033745781776
44,3,f2_erd_cssd,validation,63,0.8571428571428571,0.8578629032258065,0.8569987389659521,0.936491935483871
44,3,f3_bp_trend,training,253,0.8695652173913043,0.869610048743907,0.8695570658542302,0.9298212723409573
44,3,f3_bp_trend,validation,63,0.7619047619047619,0.7631048387096775,0.7609410574247407,0.8195564516129032
44,3,final_in_sample_fusion,training,253,0.9407114624505929,0.940694913135858,0.9407077572064683,0.9919385076865392
44,3,final_in_sample_fusion,validation,63,0.9206349206349206,0.9213709677419355,0.9205548549810845,0.969758064516129
44,4,f1_bp_cssd,training,253,0.6245059288537549,0.6243594550681165,0.623918383952182,0.6706036745406824
44,4,f1_bp_cssd,validation,63,0.5714285714285714,0.5700604838709677,0.5675057208237986,0.6018145161290323
44,4,f2_erd_cssd,training,253,0.9051383399209486,0.905074365704287,0.9051012753188297,0.9742532183477066
44,4,f2_erd_cssd,validation,63,0.8253968253968254,0.8245967741935484,0.8246901087781432,0.9002016129032259
44,4,f3_bp_trend,training,253,0.841897233201581,0.8419572553430821,0.8418749999999999,0.924946881639795
44,4,f3_bp_trend,validation,63,0.7777777777777778,0.7767137096774194,0.776369168356998,0.8618951612903225
44,4,final_in_sample_fusion,training,253,0.9486166007905138,0.9486626671666042,0.9486133895789391,0.9908136482939631
44,4,final_in_sample_fusion,validation,63,0.7936507936507936,0.7918346774193548,0.790268886043534,0.9233870967741935
44,5,f1_bp_cssd,training,254,0.6456692913385826,0.6455233134920635,0.6454714640198511,0.7216021825396827
44,5,f1_bp_cssd,validation,62,0.5645161290322581,0.564516129032258,0.5616653574234092,0.578563995837669
44,5,f2_erd_cssd,training,254,0.8976377952755905,0.8975694444444444,0.8976124031007753,0.9707961309523809
44,5,f2_erd_cssd,validation,62,0.7903225806451613,0.7903225806451613,0.7902680197762164,0.8803329864724245
44,5,f3_bp_trend,training,254,0.8228346456692913,0.8231026785714286,0.8226999860393689,0.9075520833333334
44,5,f3_bp_trend,validation,62,0.8548387096774194,0.8548387096774193,0.8538884524744697,0.8980228928199792
44,5,final_in_sample_fusion,training,254,0.9212598425196851,0.9212549603174602,0.9212549603174602,0.9796626984126984
44,5,final_in_sample_fusion,validation,62,0.9193548387096774,0.9193548387096774,0.9193338537600833,0.9823100936524454
