variant,hidden_components,covariance_shrinkage,session,held_month,decision,diagnostic_decision,hidden_state_kld_to_severe,output_state_kld_to_severe
hidden_3_shrinkage_0.05,3,0.05,indy_20160407_02,2016-04,pass,pass,0.0964127622291053,0.11868646197622008
hidden_3_shrinkage_0.05,3,0.05,indy_20160411_01,2016-04,pass,pass,0.11268141222558226,0.2447033777607081
hidden_3_shrinkage_0.05,3,0.05,indy_20160411_02,2016-04,pass,pass,0.04729063158686194,0.0459281029149533
hidden_3_shrinkage_0.05,3,0.05,indy_20160418_01,2016-04,pass,pass,0.029635615459067923,0.0810295451463102
hidden_3_shrinkage_0.05,3,0.05,indy_20160419_01,2016-04,pass,pass,0.0216625622443306,0.005031452727655539
hidden_3_shrinkage_0.05,3,0.05,indy_20160420_01,2016-04,pass,pass,0.04605077176315305,0.07115366921916041
hidden_3_shrinkage_0.05,3,0.05,indy_20160426_01,2016-04,pass,pass,0.037198551770991406,0.05967559680474331
hidden_3_shrinkage_0.10,3,0.1,indy_20160407_02,2016-04,pass,pass,0.09319054693827211,0.1131776055737546
hidden_3_shrinkage_0.10,3,0.1,indy_20160411_01,2016-04,pass,pass,0.11081204862093852,0.23589929778441474
hidden_3_shrinkage_0.10,3,0.1,indy_20160411_02,2016-04,pass,pass,0.043441975172476874,0.04339195423923237
hidden_3_shrinkage_0.10,3,0.1,indy_20160418_01,2016-04,pass,pass,0.02865116734062596,0.08115937010449892
hidden_3_shrinkage_0.10,3,0.1,indy_20160419_01,2016-04,pass,pass,0.021573879692527474,0.0050386804725836435
hidden_3_shrinkage_0.10,3,0.1,indy_20160420_01,2016-04,pass,pass,0.04478490307232618,0.07117386811819383
hidden_3_shrinkage_0.10,3,0.1,indy_20160426_01,2016-04,pass,pass,0.034066415254811494,0.05839231925981342
hidden_3_shrinkage_0.20,3,0.2,indy_20160407_02,2016-04,pass,pass,0.08704586990409112,0.10326456620781285
hidden_3_shrinkage_0.20,3,0.2,indy_20160411_01,2016-04,pass,pass,0.10730521582760605,0.2201161945994833
hidden_3_shrinkage_0.20,3,0.2,indy_20160411_02,2016-04,pass,pass,0.03648938166022203,0.0387653936912472
hidden_3_shrinkage_0.20,3,0.2,indy_20160418_01,2016-04,pass,pass,0.02679817000054959,0.08139803682696346
hidden_3_shrinkage_0.20,3,0.2,indy_20160419_01,2016-04,pass,pass,0.0214000865334472,0.0050520371832372835
hidden_3_shrinkage_0.20,3,0.2,indy_20160420_01,2016-04,pass,pass,0.04241896373136669,0.07121025081831964
hidden_3_shrinkage_0.20,3,0.2,indy_20160426_01,2016-04,pass,pass,0.02839166476852732,0.0560649026791775
hidden_5_shrinkage_0.05,5,0.05,indy_20160407_02,2016-04,pass,pass,0.10058015111172125,0.11868646197622008
hidden_5_shrinkage_0.05,5,0.05,indy_20160411_01,2016-04,pass,pass,0.2799465174601511,0.2447033777607081
hidden_5_shrinkage_0.05,5,0.05,indy_20160411_02,2016-04,pass,pass,0.07051318726614078,0.0459281029149533
hidden_5_shrinkage_0.05,5,0.05,indy_20160418_01,2016-04,pass,pass,0.0963119977328006,0.0810295451463102
hidden_5_shrinkage_0.05,5,0.05,indy_20160419_01,2016-04,pass,pass,0.053665507605491,0.005031452727655539
hidden_5_shrinkage_0.05,5,0.05,indy_20160420_01,2016-04,pass,pass,0.09253736774698385,0.07115366921916041
hidden_5_shrinkage_0.05,5,0.05,indy_20160426_01,2016-04,pass,pass,0.054557273165363206,0.05967559680474331
hidden_5_shrinkage_0.10,5,0.1,indy_20160407_02,2016-04,pass,pass,0.09793123639912683,0.1131776055737546
hidden_5_shrinkage_0.10,5,0.1,indy_20160411_01,2016-04,pass,pass,0.26080944105349274,0.23589929778441474
hidden_5_shrinkage_0.10,5,0.1,indy_20160411_02,2016-04,pass,pass,0.06884125107490215,0.04339195423923237
hidden_5_shrinkage_0.10,5,0.1,indy_20160418_01,2016-04,pass,pass,0.09100713846938144,0.08115937010449892
hidden_5_shrinkage_0.10,5,0.1,indy_20160419_01,2016-04,pass,pass,0.054631790719416914,0.0050386804725836435
hidden_5_shrinkage_0.10,5,0.1,indy_20160420_01,2016-04,pass,pass,0.08829596963941888,0.07117386811819383
hidden_5_shrinkage_0.10,5,0.1,indy_20160426_01,2016-04,pass,pass,0.05093606395568733,0.05839231925981342
hidden_5_shrinkage_0.20,5,0.2,indy_20160407_02,2016-04,pass,pass,0.09138063460057609,0.10326456620781285
hidden_5_shrinkage_0.20,5,0.2,indy_20160411_01,2016-04,pass,pass,0.2267201900721798,0.2201161945994833
hidden_5_shrinkage_0.20,5,0.2,indy_20160411_02,2016-04,pass,pass,0.0649363592786097,0.0387653936912472
hidden_5_shrinkage_0.20,5,0.2,indy_20160418_01,2016-04,pass,pass,0.08006508622885447,0.08139803682696346
hidden_5_shrinkage_0.20,5,0.2,indy_20160419_01,2016-04,pass,pass,0.055792109032978404,0.0050520371832372835
hidden_5_shrinkage_0.20,5,0.2,indy_20160420_01,2016-04,pass,pass,0.07939926689904912,0.07121025081831964
hidden_5_shrinkage_0.20,5,0.2,indy_20160426_01,2016-04,pass,pass,0.04346398043376678,0.0560649026791775
hidden_8_shrinkage_0.05,8,0.05,indy_20160407_02,2016-04,pass,pass,0.13835294024589387,0.11868646197622008
hidden_8_shrinkage_0.05,8,0.05,indy_20160411_01,2016-04,pass,pass,0.24826977675934367,0.2447033777607081
hidden_8_shrinkage_0.05,8,0.05,indy_20160411_02,2016-04,pass,pass,0.07494483986993533,0.0459281029149533
hidden_8_shrinkage_0.05,8,0.05,indy_20160418_01,2016-04,pass,pass,0.0821604464420872,0.0810295451463102
hidden_8_shrinkage_0.05,8,0.05,indy_20160419_01,2016-04,pass,pass,0.06247584744109359,0.005031452727655539
hidden_8_shrinkage_0.05,8,0.05,indy_20160420_01,2016-04,pass,pass,0.09582641178089757,0.07115366921916041
hidden_8_shrinkage_0.05,8,0.05,indy_20160426_01,2016-04,pass,pass,0.060255195654692076,0.05967559680474331
hidden_8_shrinkage_0.10,8,0.1,indy_20160407_02,2016-04,pass,pass,0.13418507210055458,0.1131776055737546
hidden_8_shrinkage_0.10,8,0.1,indy_20160411_01,2016-04,pass,pass,0.2407418395721599,0.23589929778441474
hidden_8_shrinkage_0.10,8,0.1,indy_20160411_02,2016-04,pass,pass,0.07540915268114239,0.04339195423923237
hidden_8_shrinkage_0.10,8,0.1,indy_20160418_01,2016-04,pass,pass,0.08118323452858925,0.08115937010449892
hidden_8_shrinkage_0.10,8,0.1,indy_20160419_01,2016-04,pass,pass,0.06458832894978354,0.0050386804725836435
hidden_8_shrinkage_0.10,8,0.1,indy_20160420_01,2016-04,pass,pass,0.09648160357287182,0.07117386811819383
hidden_8_shrinkage_0.10,8,0.1,indy_20160426_01,2016-04,pass,pass,0.06001089620188017,0.05839231925981342
hidden_8_shrinkage_0.20,8,0.2,indy_20160407_02,2016-04,pass,pass,0.12204116087294238,0.10326456620781285
hidden_8_shrinkage_0.20,8,0.2,indy_20160411_01,2016-04,pass,pass,0.22160003620860283,0.2201161945994833
hidden_8_shrinkage_0.20,8,0.2,indy_20160411_02,2016-04,pass,pass,0.07374275659629216,0.0387653936912472
hidden_8_shrinkage_0.20,8,0.2,indy_20160418_01,2016-04,pass,pass,0.07662428881319852,0.08139803682696346
hidden_8_shrinkage_0.20,8,0.2,indy_20160419_01,2016-04,pass,pass,0.06647899165309978,0.0050520371832372835
hidden_8_shrinkage_0.20,8,0.2,indy_20160420_01,2016-04,pass,pass,0.09459904704007993,0.07121025081831964
hidden_8_shrinkage_0.20,8,0.2,indy_20160426_01,2016-04,pass,pass,0.0564825493839764,0.0560649026791775
hidden_3_shrinkage_0.05,3,0.05,indy_20160622_01,2016-06,pass,abstain,0.9042717092121753,0.7727925166100518
hidden_3_shrinkage_0.05,3,0.05,indy_20160624_03,2016-06,pass,pass,0.1571054518008987,0.17783349683348315
hidden_3_shrinkage_0.05,3,0.05,indy_20160627_01,2016-06,pass,pass,0.03153649946797436,0.0223199871964777
hidden_3_shrinkage_0.05,3,0.05,indy_20160630_01,2016-06,abstain,abstain,1.4407519663804995,1.2308218633335266
hidden_3_shrinkage_0.10,3,0.1,indy_20160622_01,2016-06,pass,abstain,0.9002527981675911,0.780530176461804
hidden_3_shrinkage_0.10,3,0.1,indy_20160624_03,2016-06,pass,pass,0.15618074756689584,0.1746875725065811
hidden_3_shrinkage_0.10,3,0.1,indy_20160627_01,2016-06,pass,pass,0.028498375621752437,0.0213352148826285
hidden_3_shrinkage_0.10,3,0.1,indy_20160630_01,2016-06,abstain,abstain,1.3818075599406052,1.242814011536968
hidden_3_shrinkage_0.20,3,0.2,indy_20160622_01,2016-06,pass,abstain,0.8926813171891299,0.794793832079823
hidden_3_shrinkage_0.20,3,0.2,indy_20160624_03,2016-06,pass,pass,0.15454219893322724,0.1687933198505436
hidden_3_shrinkage_0.20,3,0.2,indy_20160627_01,2016-06,pass,pass,0.02294501956275532,0.019512424809888334
hidden_3_shrinkage_0.20,3,0.2,indy_20160630_01,2016-06,abstain,abstain,1.2829404623120968,1.2649136343390437
hidden_5_shrinkage_0.05,5,0.05,indy_20160622_01,2016-06,pass,abstain,0.9054134606971909,0.7727925166100518
hidden_5_shrinkage_0.05,5,0.05,indy_20160624_03,2016-06,pass,warning,0.2063537932737045,0.17783349683348315
hidden_5_shrinkage_0.05,5,0.05,indy_20160627_01,2016-06,pass,pass,0.03838834194965994,0.0223199871964777
hidden_5_shrinkage_0.05,5,0.05,indy_20160630_01,2016-06,abstain,abstain,1.6228876827885717,1.2308218633335266
hidden_5_shrinkage_0.10,5,0.1,indy_20160622_01,2016-06,pass,abstain,0.8992066642579541,0.780530176461804
hidden_5_shrinkage_0.10,5,0.1,indy_20160624_03,2016-06,pass,warning,0.20291616615877536,0.1746875725065811
hidden_5_shrinkage_0.10,5,0.1,indy_20160627_01,2016-06,pass,pass,0.035126668591764415,0.0213352148826285
hidden_5_shrinkage_0.10,5,0.1,indy_20160630_01,2016-06,abstain,abstain,1.5099610286789535,1.242814011536968
hidden_5_shrinkage_0.20,5,0.2,indy_20160622_01,2016-06,pass,abstain,0.8875569123246058,0.794793832079823
hidden_5_shrinkage_0.20,5,0.2,indy_20160624_03,2016-06,pass,pass,0.1925878767483175,0.1687933198505436
hidden_5_shrinkage_0.20,5,0.2,indy_20160627_01,2016-06,pass,pass,0.029060333224738402,0.019512424809888334
hidden_5_shrinkage_0.20,5,0.2,indy_20160630_01,2016-06,abstain,abstain,1.339668881701258,1.2649136343390437
hidden_8_shrinkage_0.05,8,0.05,indy_20160622_01,2016-06,pass,abstain,1.007601102490808,0.7727925166100518
hidden_8_shrinkage_0.05,8,0.05,indy_20160624_03,2016-06,pass,pass,0.21204170749512335,0.17783349683348315
hidden_8_shrinkage_0.05,8,0.05,indy_20160627_01,2016-06,pass,pass,0.06299912896053286,0.0223199871964777
hidden_8_shrinkage_0.05,8,0.05,indy_20160630_01,2016-06,abstain,abstain,2.125202223027103,1.2308218633335266
hidden_8_shrinkage_0.10,8,0.1,indy_20160622_01,2016-06,pass,abstain,0.992325108533771,0.780530176461804
hidden_8_shrinkage_0.10,8,0.1,indy_20160624_03,2016-06,pass,pass,0.2097978922270303,0.1746875725065811
hidden_8_shrinkage_0.10,8,0.1,indy_20160627_01,2016-06,pass,pass,0.05916631400769082,0.0213352148826285
hidden_8_shrinkage_0.10,8,0.1,indy_20160630_01,2016-06,abstain,abstain,1.8908818499571258,1.242814011536968
hidden_8_shrinkage_0.20,8,0.2,indy_20160622_01,2016-06,pass,abstain,0.9673457090684797,0.794793832079823
hidden_8_shrinkage_0.20,8,0.2,indy_20160624_03,2016-06,pass,pass,0.20454950528967983,0.1687933198505436
hidden_8_shrinkage_0.20,8,0.2,indy_20160627_01,2016-06,pass,pass,0.05127465574780261,0.019512424809888334
hidden_8_shrinkage_0.20,8,0.2,indy_20160630_01,2016-06,abstain,abstain,1.6083491743640093,1.2649136343390437
hidden_3_shrinkage_0.05,3,0.05,indy_20160915_01,2016-09,pass,pass,0.016519022067377407,0.013606379500846437
hidden_3_shrinkage_0.05,3,0.05,indy_20160916_01,2016-09,pass,pass,0.04787265784882069,0.05338988174689297
hidden_3_shrinkage_0.05,3,0.05,indy_20160921_01,2016-09,pass,pass,0.05333119980682883,0.05410981778919796
hidden_3_shrinkage_0.05,3,0.05,indy_20160927_04,2016-09,pass,pass,0.03157912050182625,0.03233128279006542
hidden_3_shrinkage_0.05,3,0.05,indy_20160927_06,2016-09,pass,pass,0.06778194402893331,0.0779976022195291
hidden_3_shrinkage_0.05,3,0.05,indy_20160930_02,2016-09,pass,pass,0.004691362964156877,0.004526862229859719
hidden_3_shrinkage_0.05,3,0.05,indy_20160930_05,2016-09,pass,pass,0.032787542493079115,0.013481647959608066
hidden_3_shrinkage_0.10,3,0.1,indy_20160915_01,2016-09,pass,pass,0.016040285950225466,0.013543167575050058
hidden_3_shrinkage_0.10,3,0.1,indy_20160916_01,2016-09,pass,pass,0.04594419259445997,0.053404909300542154
hidden_3_shrinkage_0.10,3,0.1,indy_20160921_01,2016-09,pass,pass,0.051464446509153695,0.05387788369786308
hidden_3_shrinkage_0.10,3,0.1,indy_20160927_04,2016-09,pass,pass,0.03088161447775431,0.03148088448300171
hidden_3_shrinkage_0.10,3,0.1,indy_20160927_06,2016-09,pass,pass,0.06747756201889193,0.07021949523954525
hidden_3_shrinkage_0.10,3,0.1,indy_20160930_02,2016-09,pass,pass,0.004617891911268645,0.00444362190737973
hidden_3_shrinkage_0.10,3,0.1,indy_20160930_05,2016-09,pass,pass,0.030002618161393116,0.013477762696831267
hidden_3_shrinkage_0.20,3,0.2,indy_20160915_01,2016-09,pass,pass,0.015166040118568994,0.013426649821854715
hidden_3_shrinkage_0.20,3,0.2,indy_20160916_01,2016-09,pass,pass,0.042406513019552936,0.05343165045008134
hidden_3_shrinkage_0.20,3,0.2,indy_20160921_01,2016-09,pass,pass,0.048060908681922906,0.053453540380285866
hidden_3_shrinkage_0.20,3,0.2,indy_20160927_04,2016-09,pass,pass,0.029596585307851916,0.02991945318504474
hidden_3_shrinkage_0.20,3,0.2,indy_20160927_06,2016-09,pass,pass,0.06691300300435277,0.05614225867215312
hidden_3_shrinkage_0.20,3,0.2,indy_20160930_02,2016-09,pass,pass,0.004489518219211413,0.004290857945383313
hidden_3_shrinkage_0.20,3,0.2,indy_20160930_05,2016-09,pass,pass,0.024896815359672187,0.013470691373507869
hidden_5_shrinkage_0.05,5,0.05,indy_20160915_01,2016-09,pass,pass,0.035808209424940084,0.013606379500846437
hidden_5_shrinkage_0.05,5,0.05,indy_20160916_01,2016-09,pass,pass,0.05627181876230451,0.05338988174689297
hidden_5_shrinkage_0.05,5,0.05,indy_20160921_01,2016-09,pass,pass,0.06197076182606393,0.05410981778919796
hidden_5_shrinkage_0.05,5,0.05,indy_20160927_04,2016-09,pass,pass,0.04007039498529048,0.03233128279006542
hidden_5_shrinkage_0.05,5,0.05,indy_20160927_06,2016-09,pass,pass,0.09499645248737526,0.0779976022195291
hidden_5_shrinkage_0.05,5,0.05,indy_20160930_02,2016-09,pass,pass,0.024490356252577207,0.004526862229859719
hidden_5_shrinkage_0.05,5,0.05,indy_20160930_05,2016-09,pass,pass,0.038212269216057804,0.013481647959608066
hidden_5_shrinkage_0.10,5,0.1,indy_20160915_01,2016-09,pass,pass,0.03578545664366038,0.013543167575050058
hidden_5_shrinkage_0.10,5,0.1,indy_20160916_01,2016-09,pass,pass,0.055128563646516374,0.053404909300542154
hidden_5_shrinkage_0.10,5,0.1,indy_20160921_01,2016-09,pass,pass,0.06124713872894705,0.05387788369786308
hidden_5_shrinkage_0.10,5,0.1,indy_20160927_04,2016-09,pass,pass,0.0398213240471559,0.03148088448300171
hidden_5_shrinkage_0.10,5,0.1,indy_20160927_06,2016-09,pass,pass,0.09331125995956548,0.07021949523954525
hidden_5_shrinkage_0.10,5,0.1,indy_20160930_02,2016-09,pass,pass,0.024220518801118463,0.00444362190737973
hidden_5_shrinkage_0.10,5,0.1,indy_20160930_05,2016-09,pass,pass,0.03596465243157165,0.013477762696831267
hidden_5_shrinkage_0.20,5,0.2,indy_20160915_01,2016-09,pass,pass,0.035654102706368096,0.013426649821854715
hidden_5_shrinkage_0.20,5,0.2,indy_20160916_01,2016-09,pass,pass,0.05277850321285441,0.05343165045008134
hidden_5_shrinkage_0.20,5,0.2,indy_20160921_01,2016-09,pass,pass,0.05971639793427257,0.053453540380285866
hidden_5_shrinkage_0.20,5,0.2,indy_20160927_04,2016-09,pass,pass,0.039248814232382724,0.02991945318504474
hidden_5_shrinkage_0.20,5,0.2,indy_20160927_06,2016-09,pass,pass,0.08999056668989956,0.05614225867215312
hidden_5_shrinkage_0.20,5,0.2,indy_20160930_02,2016-09,pass,pass,0.023637669457679745,0.004290857945383313
hidden_5_shrinkage_0.20,5,0.2,indy_20160930_05,2016-09,pass,pass,0.031471589865005284,0.013470691373507869
hidden_8_shrinkage_0.05,8,0.05,indy_20160915_01,2016-09,pass,pass,0.05345146111951548,0.013606379500846437
hidden_8_shrinkage_0.05,8,0.05,indy_20160916_01,2016-09,pass,pass,0.05746309943521131,0.05338988174689297
hidden_8_shrinkage_0.05,8,0.05,indy_20160921_01,2016-09,pass,pass,0.07711575296287838,0.05410981778919796
hidden_8_shrinkage_0.05,8,0.05,indy_20160927_04,2016-09,pass,pass,0.05125570725143417,0.03233128279006542
hidden_8_shrinkage_0.05,8,0.05,indy_20160927_06,2016-09,pass,pass,0.10801737830744182,0.0779976022195291
hidden_8_shrinkage_0.05,8,0.05,indy_20160930_02,2016-09,pass,pass,0.03225853006476648,0.004526862229859719
hidden_8_shrinkage_0.05,8,0.05,indy_20160930_05,2016-09,pass,pass,0.04893515349749868,0.013481647959608066
hidden_8_shrinkage_0.10,8,0.1,indy_20160915_01,2016-09,pass,pass,0.053999034043070084,0.013543167575050058
hidden_8_shrinkage_0.10,8,0.1,indy_20160916_01,2016-09,pass,pass,0.05775987228038335,0.053404909300542154
hidden_8_shrinkage_0.10,8,0.1,indy_20160921_01,2016-09,pass,pass,0.07912313839255222,0.05387788369786308
hidden_8_shrinkage_0.10,8,0.1,indy_20160927_04,2016-09,pass,pass,0.0516954124091214,0.03148088448300171
hidden_8_shrinkage_0.10,8,0.1,indy_20160927_06,2016-09,pass,pass,0.10671175188966837,0.07021949523954525
hidden_8_shrinkage_0.10,8,0.1,indy_20160930_02,2016-09,pass,pass,0.03209325614638631,0.00444362190737973
hidden_8_shrinkage_0.10,8,0.1,indy_20160930_05,2016-09,pass,pass,0.04746366924412578,0.013477762696831267
hidden_8_shrinkage_0.20,8,0.2,indy_20160915_01,2016-09,pass,pass,0.054350693300619174,0.013426649821854715
hidden_8_shrinkage_0.20,8,0.2,indy_20160916_01,2016-09,pass,pass,0.05752533440128585,0.05343165045008134
hidden_8_shrinkage_0.20,8,0.2,indy_20160921_01,2016-09,pass,pass,0.08215889738411292,0.053453540380285866
hidden_8_shrinkage_0.20,8,0.2,indy_20160927_04,2016-09,pass,pass,0.05196169978296587,0.02991945318504474
hidden_8_shrinkage_0.20,8,0.2,indy_20160927_06,2016-09,pass,pass,0.10277520733530764,0.05614225867215312
hidden_8_shrinkage_0.20,8,0.2,indy_20160930_02,2016-09,pass,pass,0.031273497923905276,0.004290857945383313
hidden_8_shrinkage_0.20,8,0.2,indy_20160930_05,2016-09,pass,pass,0.043746044849981014,0.013470691373507869
hidden_3_shrinkage_0.05,3,0.05,indy_20161005_06,2016-10,pass,pass,0.024856082552485514,0.019933809985398013
hidden_3_shrinkage_0.05,3,0.05,indy_20161006_02,2016-10,pass,warning,0.022657029812131822,0.01942104096093289
hidden_3_shrinkage_0.05,3,0.05,indy_20161007_02,2016-10,pass,pass,0.05917743950203863,0.04390237448782032
hidden_3_shrinkage_0.05,3,0.05,indy_20161011_03,2016-10,pass,pass,0.0915274101830076,0.11135588668078365
hidden_3_shrinkage_0.05,3,0.05,indy_20161013_03,2016-10,abstain,abstain,2.085361715058404,1.5757756079052514
hidden_3_shrinkage_0.05,3,0.05,indy_20161014_04,2016-10,pass,pass,0.036162826652388326,0.025877712491545583
hidden_3_shrinkage_0.05,3,0.05,indy_20161017_02,2016-10,pass,pass,0.05043168714219683,0.017187121839832415
hidden_3_shrinkage_0.05,3,0.05,indy_20161024_03,2016-10,pass,pass,0.07683174866216388,0.055432384685701115
hidden_3_shrinkage_0.05,3,0.05,indy_20161025_04,2016-10,pass,pass,0.01614349949518717,0.009291086814258191
hidden_3_shrinkage_0.05,3,0.05,indy_20161026_03,2016-10,pass,pass,0.025687365417378052,0.015012708767143414
hidden_3_shrinkage_0.05,3,0.05,indy_20161027_03,2016-10,pass,pass,0.0338047963109486,0.00901552131689296
hidden_3_shrinkage_0.10,3,0.1,indy_20161005_06,2016-10,pass,pass,0.023396092063688447,0.018240881683067457
hidden_3_shrinkage_0.10,3,0.1,indy_20161006_02,2016-10,pass,warning,0.021122431055771357,0.018027085352086743
hidden_3_shrinkage_0.10,3,0.1,indy_20161007_02,2016-10,pass,pass,0.055135851874576335,0.0435769276481284
hidden_3_shrinkage_0.10,3,0.1,indy_20161011_03,2016-10,pass,pass,0.09036234898521746,0.11230131728449275
hidden_3_shrinkage_0.10,3,0.1,indy_20161013_03,2016-10,abstain,abstain,1.9788133710102955,1.5604017935942793
hidden_3_shrinkage_0.10,3,0.1,indy_20161014_04,2016-10,pass,pass,0.03518828674722568,0.02565080050694481
hidden_3_shrinkage_0.10,3,0.1,indy_20161017_02,2016-10,pass,pass,0.04807886070647515,0.01720955487378972
hidden_3_shrinkage_0.10,3,0.1,indy_20161024_03,2016-10,pass,pass,0.07409519164385564,0.05576497980482771
hidden_3_shrinkage_0.10,3,0.1,indy_20161025_04,2016-10,pass,pass,0.01559243743889401,0.009201395060985208
hidden_3_shrinkage_0.10,3,0.1,indy_20161026_03,2016-10,pass,pass,0.025104622562156894,0.015057407895385563
hidden_3_shrinkage_0.10,3,0.1,indy_20161027_03,2016-10,pass,pass,0.031203557350601645,0.009092090660499789
hidden_3_shrinkage_0.20,3,0.2,indy_20161005_06,2016-10,pass,pass,0.020703620428038524,0.015106491501420826
hidden_3_shrinkage_0.20,3,0.2,indy_20161006_02,2016-10,pass,warning,0.018274104711246627,0.015438084209613154
hidden_3_shrinkage_0.20,3,0.2,indy_20161007_02,2016-10,pass,pass,0.04788550357023643,0.04296073472381251
hidden_3_shrinkage_0.20,3,0.2,indy_20161011_03,2016-10,pass,warning,0.08821797108544001,0.11405874514846032
hidden_3_shrinkage_0.20,3,0.2,indy_20161013_03,2016-10,abstain,abstain,1.799194415462046,1.533105903385927
hidden_3_shrinkage_0.20,3,0.2,indy_20161014_04,2016-10,pass,pass,0.03342313489066652,0.02522081765303736
hidden_3_shrinkage_0.20,3,0.2,indy_20161017_02,2016-10,pass,pass,0.04392557636372664,0.01725081578678264
hidden_3_shrinkage_0.20,3,0.2,indy_20161024_03,2016-10,pass,pass,0.06923965321169237,0.056378503441652864
hidden_3_shrinkage_0.20,3,0.2,indy_20161025_04,2016-10,pass,pass,0.014565202298470914,0.009031631063340683
hidden_3_shrinkage_0.20,3,0.2,indy_20161026_03,2016-10,pass,pass,0.02402203807375167,0.015140732432627995
hidden_3_shrinkage_0.20,3,0.2,indy_20161027_03,2016-10,pass,pass,0.026461092666892956,0.009234419045096622
hidden_5_shrinkage_0.05,5,0.05,indy_20161005_06,2016-10,pass,pass,0.029522663648714198,0.019933809985398013
hidden_5_shrinkage_0.05,5,0.05,indy_20161006_02,2016-10,pass,warning,0.028307595456216198,0.01942104096093289
hidden_5_shrinkage_0.05,5,0.05,indy_20161007_02,2016-10,pass,pass,0.05836445655819945,0.04390237448782032
hidden_5_shrinkage_0.05,5,0.05,indy_20161011_03,2016-10,pass,pass,0.13302172817607638,0.11135588668078365
hidden_5_shrinkage_0.05,5,0.05,indy_20161013_03,2016-10,abstain,abstain,2.0492384800744117,1.5757756079052514
hidden_5_shrinkage_0.05,5,0.05,indy_20161014_04,2016-10,pass,pass,0.035653737587083026,0.025877712491545583
hidden_5_shrinkage_0.05,5,0.05,indy_20161017_02,2016-10,pass,pass,0.05017653609670118,0.017187121839832415
hidden_5_shrinkage_0.05,5,0.05,indy_20161024_03,2016-10,pass,pass,0.07688172194839912,0.055432384685701115
hidden_5_shrinkage_0.05,5,0.05,indy_20161025_04,2016-10,pass,pass,0.016056972657283477,0.009291086814258191
hidden_5_shrinkage_0.05,5,0.05,indy_20161026_03,2016-10,pass,pass,0.059552856712095675,0.015012708767143414
hidden_5_shrinkage_0.05,5,0.05,indy_20161027_03,2016-10,pass,pass,0.04795060637147211,0.00901552131689296
hidden_5_shrinkage_0.10,5,0.1,indy_20161005_06,2016-10,pass,pass,0.028146374511338803,0.018240881683067457
hidden_5_shrinkage_0.10,5,0.1,indy_20161006_02,2016-10,pass,warning,0.026799630476145968,0.018027085352086743
hidden_5_shrinkage_0.10,5,0.1,indy_20161007_02,2016-10,pass,pass,0.055526553995249125,0.0435769276481284
hidden_5_shrinkage_0.10,5,0.1,indy_20161011_03,2016-10,pass,warning,0.13034860529919756,0.11230131728449275
hidden_5_shrinkage_0.10,5,0.1,indy_20161013_03,2016-10,abstain,abstain,1.944580446785583,1.5604017935942793
hidden_5_shrinkage_0.10,5,0.1,indy_20161014_04,2016-10,pass,pass,0.03509827579309261,0.02565080050694481
hidden_5_shrinkage_0.10,5,0.1,indy_20161017_02,2016-10,pass,pass,0.04933487839330865,0.01720955487378972
hidden_5_shrinkage_0.10,5,0.1,indy_20161024_03,2016-10,pass,pass,0.0758879610573686,0.05576497980482771
hidden_5_shrinkage_0.10,5,0.1,indy_20161025_04,2016-10,pass,pass,0.01568789172767335,0.009201395060985208
hidden_5_shrinkage_0.10,5,0.1,indy_20161026_03,2016-10,pass,pass,0.05653270421028537,0.015057407895385563
hidden_5_shrinkage_0.10,5,0.1,indy_20161027_03,2016-10,pass,pass,0.04488395737537915,0.009092090660499789
hidden_5_shrinkage_0.20,5,0.2,indy_20161005_06,2016-10,pass,pass,0.025327359796646323,0.015106491501420826
hidden_5_shrinkage_0.20,5,0.2,indy_20161006_02,2016-10,pass,warning,0.02379304772874238,0.015438084209613154
hidden_5_shrinkage_0.20,5,0.2,indy_20161007_02,2016-10,pass,pass,0.05003156651240545,0.04296073472381251
hidden_5_shrinkage_0.20,5,0.2,indy_20161011_03,2016-10,pass,warning,0.12467619560049142,0.11405874514846032
hidden_5_shrinkage_0.20,5,0.2,indy_20161013_03,2016-10,abstain,abstain,1.777779394615113,1.533105903385927
hidden_5_shrinkage_0.20,5,0.2,indy_20161014_04,2016-10,pass,pass,0.033901202042513366,0.02522081765303736
hidden_5_shrinkage_0.20,5,0.2,indy_20161017_02,2016-10,pass,pass,0.04767719456844451,0.01725081578678264
hidden_5_shrinkage_0.20,5,0.2,indy_20161024_03,2016-10,pass,pass,0.07383688755887366,0.056378503441652864
hidden_5_shrinkage_0.20,5,0.2,indy_20161025_04,2016-10,pass,pass,0.01489708630545997,0.009031631063340683
hidden_5_shrinkage_0.20,5,0.2,indy_20161026_03,2016-10,pass,pass,0.05063239037404076,0.015140732432627995
hidden_5_shrinkage_0.20,5,0.2,indy_20161027_03,2016-10,pass,pass,0.03882304127650231,0.009234419045096622
hidden_8_shrinkage_0.05,8,0.05,indy_20161005_06,2016-10,pass,pass,0.04458907467738001,0.019933809985398013
hidden_8_shrinkage_0.05,8,0.05,indy_20161006_02,2016-10,pass,warning,0.0992919165000585,0.01942104096093289
hidden_8_shrinkage_0.05,8,0.05,indy_20161007_02,2016-10,pass,pass,0.086468458018084,0.04390237448782032
hidden_8_shrinkage_0.05,8,0.05,indy_20161011_03,2016-10,pass,pass,0.17600757760203978,0.11135588668078365
hidden_8_shrinkage_0.05,8,0.05,indy_20161013_03,2016-10,abstain,abstain,2.0886416230861644,1.5757756079052514
hidden_8_shrinkage_0.05,8,0.05,indy_20161014_04,2016-10,pass,pass,0.04878749653905997,0.025877712491545583
hidden_8_shrinkage_0.05,8,0.05,indy_20161017_02,2016-10,pass,pass,0.09881012308953904,0.017187121839832415
hidden_8_shrinkage_0.05,8,0.05,indy_20161024_03,2016-10,pass,pass,0.09275008158455729,0.055432384685701115
hidden_8_shrinkage_0.05,8,0.05,indy_20161025_04,2016-10,pass,pass,0.02795822642267424,0.009291086814258191
hidden_8_shrinkage_0.05,8,0.05,indy_20161026_03,2016-10,pass,pass,0.09417014489426913,0.015012708767143414
hidden_8_shrinkage_0.05,8,0.05,indy_20161027_03,2016-10,pass,pass,0.07905188809332989,0.00901552131689296
hidden_8_shrinkage_0.10,8,0.1,indy_20161005_06,2016-10,pass,pass,0.043627071568188916,0.018240881683067457
hidden_8_shrinkage_0.10,8,0.1,indy_20161006_02,2016-10,pass,warning,0.09735890402245685,0.018027085352086743
hidden_8_shrinkage_0.10,8,0.1,indy_20161007_02,2016-10,pass,pass,0.08281064064440062,0.0435769276481284
hidden_8_shrinkage_0.10,8,0.1,indy_20161011_03,2016-10,pass,warning,0.17336427465922877,0.11230131728449275
hidden_8_shrinkage_0.10,8,0.1,indy_20161013_03,2016-10,abstain,abstain,1.9952514298458417,1.5604017935942793
hidden_8_shrinkage_0.10,8,0.1,indy_20161014_04,2016-10,pass,pass,0.04825755427733951,0.02565080050694481
hidden_8_shrinkage_0.10,8,0.1,indy_20161017_02,2016-10,pass,pass,0.09879455398028125,0.01720955487378972
hidden_8_shrinkage_0.10,8,0.1,indy_20161024_03,2016-10,pass,pass,0.0913597244498335,0.05576497980482771
hidden_8_shrinkage_0.10,8,0.1,indy_20161025_04,2016-10,pass,pass,0.02752396649255985,0.009201395060985208
hidden_8_shrinkage_0.10,8,0.1,indy_20161026_03,2016-10,pass,pass,0.09041648389286665,0.015057407895385563
hidden_8_shrinkage_0.10,8,0.1,indy_20161027_03,2016-10,pass,pass,0.07723399576422572,0.009092090660499789
hidden_8_shrinkage_0.20,8,0.2,indy_20161005_06,2016-10,pass,pass,0.041364871194345204,0.015106491501420826
hidden_8_shrinkage_0.20,8,0.2,indy_20161006_02,2016-10,pass,warning,0.09257367626703217,0.015438084209613154
hidden_8_shrinkage_0.20,8,0.2,indy_20161007_02,2016-10,pass,pass,0.07496622247077589,0.04296073472381251
hidden_8_shrinkage_0.20,8,0.2,indy_20161011_03,2016-10,pass,warning,0.16659864087443185,0.11405874514846032
hidden_8_shrinkage_0.20,8,0.2,indy_20161013_03,2016-10,abstain,abstain,1.8611947452829831,1.533105903385927
hidden_8_shrinkage_0.20,8,0.2,indy_20161014_04,2016-10,pass,pass,0.0468095891050723,0.02522081765303736
hidden_8_shrinkage_0.20,8,0.2,indy_20161017_02,2016-10,pass,pass,0.09215500240980252,0.01725081578678264
hidden_8_shrinkage_0.20,8,0.2,indy_20161024_03,2016-10,pass,pass,0.08813505633939296,0.056378503441652864
hidden_8_shrinkage_0.20,8,0.2,indy_20161025_04,2016-10,pass,pass,0.026338294341000854,0.009031631063340683
hidden_8_shrinkage_0.20,8,0.2,indy_20161026_03,2016-10,pass,pass,0.08242118503142896,0.015140732432627995
hidden_8_shrinkage_0.20,8,0.2,indy_20161027_03,2016-10,pass,pass,0.0727638902332548,0.009234419045096622
hidden_3_shrinkage_0.05,3,0.05,indy_20161206_02,2016-12,pass,abstain,1.1091847594730428,0.8429567286318065
hidden_3_shrinkage_0.05,3,0.05,indy_20161207_02,2016-12,pass,pass,0.006328587613185636,0.0018258362441658388
hidden_3_shrinkage_0.05,3,0.05,indy_20161212_02,2016-12,pass,pass,0.02458825702358199,0.019724011169933393
hidden_3_shrinkage_0.05,3,0.05,indy_20161220_02,2016-12,pass,pass,0.09435789480366977,0.0748296602640906
hidden_3_shrinkage_0.10,3,0.1,indy_20161206_02,2016-12,pass,abstain,1.0715631686811917,0.8539450765764101
hidden_3_shrinkage_0.10,3,0.1,indy_20161207_02,2016-12,pass,pass,0.006067117669006619,0.0018029851103730672
hidden_3_shrinkage_0.10,3,0.1,indy_20161212_02,2016-12,pass,pass,0.023698240996703694,0.01830972722195011
hidden_3_shrinkage_0.10,3,0.1,indy_20161220_02,2016-12,pass,pass,0.08813912214921185,0.07577825929493519
hidden_3_shrinkage_0.20,3,0.2,indy_20161206_02,2016-12,pass,abstain,1.0076808135502955,0.87404586478857
hidden_3_shrinkage_0.20,3,0.2,indy_20161207_02,2016-12,pass,pass,0.005578495984444883,0.0017550180913425677
hidden_3_shrinkage_0.20,3,0.2,indy_20161212_02,2016-12,pass,pass,0.022031955600865794,0.01557188318073278
hidden_3_shrinkage_0.20,3,0.2,indy_20161220_02,2016-12,pass,pass,0.07699488865279644,0.07750868863605823
hidden_5_shrinkage_0.05,5,0.05,indy_20161206_02,2016-12,pass,abstain,1.3918205508911712,0.8429567286318065
hidden_5_shrinkage_0.05,5,0.05,indy_20161207_02,2016-12,pass,pass,0.017477699649039564,0.0018258362441658388
hidden_5_shrinkage_0.05,5,0.05,indy_20161212_02,2016-12,pass,pass,0.029978365067341826,0.019724011169933393
hidden_5_shrinkage_0.05,5,0.05,indy_20161220_02,2016-12,pass,pass,0.1887451850469972,0.0748296602640906
hidden_5_shrinkage_0.10,5,0.1,indy_20161206_02,2016-12,pass,abstain,1.3358039625393996,0.8539450765764101
hidden_5_shrinkage_0.10,5,0.1,indy_20161207_02,2016-12,pass,pass,0.01692101069549005,0.0018029851103730672
hidden_5_shrinkage_0.10,5,0.1,indy_20161212_02,2016-12,pass,pass,0.028968065122416443,0.01830972722195011
hidden_5_shrinkage_0.10,5,0.1,indy_20161220_02,2016-12,pass,pass,0.1851358154025828,0.07577825929493519
hidden_5_shrinkage_0.20,5,0.2,indy_20161206_02,2016-12,pass,abstain,1.2481272933824714,0.87404586478857
hidden_5_shrinkage_0.20,5,0.2,indy_20161207_02,2016-12,pass,pass,0.015776577778962644,0.0017550180913425677
hidden_5_shrinkage_0.20,5,0.2,indy_20161212_02,2016-12,pass,pass,0.026863770802533733,0.01557188318073278
hidden_5_shrinkage_0.20,5,0.2,indy_20161220_02,2016-12,pass,pass,0.17789683499202966,0.07750868863605823
hidden_8_shrinkage_0.05,8,0.05,indy_20161206_02,2016-12,pass,abstain,1.5957673404625143,0.8429567286318065
hidden_8_shrinkage_0.05,8,0.05,indy_20161207_02,2016-12,pass,pass,0.029943359914843534,0.0018258362441658388
hidden_8_shrinkage_0.05,8,0.05,indy_20161212_02,2016-12,pass,pass,0.06030751697525953,0.019724011169933393
hidden_8_shrinkage_0.05,8,0.05,indy_20161220_02,2016-12,pass,pass,0.17113637027947912,0.0748296602640906
hidden_8_shrinkage_0.10,8,0.1,indy_20161206_02,2016-12,pass,abstain,1.4561743002638965,0.8539450765764101
hidden_8_shrinkage_0.10,8,0.1,indy_20161207_02,2016-12,pass,pass,0.028932035367560522,0.0018029851103730672
hidden_8_shrinkage_0.10,8,0.1,indy_20161212_02,2016-12,pass,pass,0.05855503528917794,0.01830972722195011
hidden_8_shrinkage_0.10,8,0.1,indy_20161220_02,2016-12,pass,pass,0.17045988883996183,0.07577825929493519
hidden_8_shrinkage_0.20,8,0.2,indy_20161206_02,2016-12,pass,abstain,1.2709100284736998,0.87404586478857
hidden_8_shrinkage_0.20,8,0.2,indy_20161207_02,2016-12,pass,pass,0.026522705517151253,0.0017550180913425677
hidden_8_shrinkage_0.20,8,0.2,indy_20161212_02,2016-12,pass,pass,0.05422449714744906,0.01557188318073278
hidden_8_shrinkage_0.20,8,0.2,indy_20161220_02,2016-12,pass,pass,0.16745335700697653,0.07750868863605823
