config_label,seed,epoch,optimization_loss,train_loss,train_r2,validation_loss,validation_r2
activity64,42,1,0.41468032103790264,0.31946882605552673,0.6804823279380798,0.4624926745891571,0.5576349496841431
activity64,42,2,0.26168739769682786,0.250789999961853,0.7491731643676758,0.40661707520484924,0.6094210147857666
activity64,42,3,0.22659625626650431,0.22629809379577637,0.7736940383911133,0.4138653576374054,0.6091747879981995
activity64,42,4,0.202985051223629,0.20883385837078094,0.7911438345909119,0.3784210681915283,0.6450510025024414
activity64,42,5,0.1901196568177584,0.20059345662593842,0.7993932962417603,0.423921674489975,0.6058217883110046
activity64,42,6,0.177331986844673,0.1859273761510849,0.8140621185302734,0.36497166752815247,0.6565647125244141
activity64,42,7,0.16787478121601762,0.1808488517999649,0.819148063659668,0.3913418650627136,0.6320965886116028
activity64,42,8,0.16042952332053942,0.1728484332561493,0.8271383047103882,0.38848796486854553,0.6338130235671997
activity64,42,9,0.15345828919736065,0.165038600564003,0.8349442481994629,0.37575045228004456,0.6449740529060364
activity64,42,10,0.1462086347752236,0.1588631123304367,0.8411381244659424,0.378760427236557,0.6430144309997559
activity64,42,11,0.13909572080944474,0.1562165766954422,0.8437870144844055,0.4062705934047699,0.6171104311943054
activity64,42,12,0.13737399438216916,0.1514502763748169,0.8485528230667114,0.39492541551589966,0.6293792724609375
activity64,42,13,0.13168493372615286,0.14507260918617249,0.8549249172210693,0.401449978351593,0.6222076416015625
activity64,42,14,0.12824621031615024,0.14308230578899384,0.8569217920303345,0.4036240875720978,0.6210482120513916
activity64,42,15,0.12373009362876815,0.14049175381660461,0.8595101833343506,0.3960663974285126,0.627396285533905
activity64,42,16,0.12177622081716055,0.13885535299777985,0.8611506223678589,0.40090423822402954,0.6215420961380005
activity64,42,17,0.11937167724373624,0.13689307868480682,0.8631101846694946,0.40312710404396057,0.6201294660568237
activity64,42,18,0.11934681940132073,0.1354239583015442,0.8645789623260498,0.4010010361671448,0.6223053932189941
activity64,42,19,0.1179660232728493,0.13505813479423523,0.8649462461471558,0.4020823538303375,0.621611475944519
activity64,42,20,0.11695347799017392,0.13473227620124817,0.8652721643447876,0.40238356590270996,0.6215962171554565
activity64,43,1,0.4104539871135814,0.2901718020439148,0.7098159193992615,0.40341484546661377,0.6124109625816345
activity64,43,2,0.2593257243201237,0.24808982014656067,0.7518822550773621,0.3857424557209015,0.6346112489700317
activity64,43,3,0.22476402944633092,0.22044505178928375,0.7795259952545166,0.3641473948955536,0.6511984467506409
activity64,43,4,0.20671045932593762,0.20904256403446198,0.7909303307533264,0.3817211985588074,0.6367627382278442
activity64,43,5,0.1912142323594232,0.1943335235118866,0.8056579828262329,0.3885148763656616,0.6310318112373352
activity64,43,6,0.17768700741948165,0.1850668340921402,0.8149129748344421,0.3796125054359436,0.6387629508972168
activity64,43,7,0.16609679054160512,0.17591875791549683,0.8240629434585571,0.35552355647087097,0.6640160083770752
activity64,43,8,0.1603245812681164,0.17197385430335999,0.8280121088027954,0.410884827375412,0.6084728240966797
activity64,43,9,0.15265669279050506,0.1640252321958542,0.8359705805778503,0.3904262185096741,0.6337894201278687
activity64,43,10,0.14573979824981434,0.16566048562526703,0.8343331813812256,0.3916665017604828,0.6310689449310303
activity64,43,11,0.14122768757327292,0.15367715060710907,0.8463290333747864,0.3893561363220215,0.629999041557312
activity64,43,12,0.13601986410567157,0.14965800940990448,0.8503472805023193,0.3789770007133484,0.6420519351959229
activity64,43,13,0.13073999017810395,0.1470312625169754,0.8529691100120544,0.38583892583847046,0.6349366903305054
activity64,43,14,0.12785343872087382,0.14325332641601562,0.8567517995834351,0.378473162651062,0.642189621925354
activity64,43,15,0.12497911001811891,0.14100441336631775,0.8589996099472046,0.38070249557495117,0.6382519006729126
activity64,43,16,0.1216130916757605,0.1392001509666443,0.8608078956604004,0.3838517665863037,0.6370829343795776
activity64,43,17,0.12061175355375213,0.13738621771335602,0.8626194000244141,0.38945966958999634,0.6311923265457153
activity64,43,18,0.11891773465495782,0.13611643016338348,0.8638883233070374,0.38536104559898376,0.6358340382575989
activity64,43,19,0.11823905527991736,0.1351330280303955,0.8648704886436462,0.3810187876224518,0.6392011046409607
activity64,43,20,0.11622794245980196,0.13503357768058777,0.8649714589118958,0.38370928168296814,0.6368452310562134
activity64,44,1,0.40767837227724274,0.30473262071609497,0.6952344179153442,0.44640669226646423,0.5754331350326538
activity64,44,2,0.26511350803193895,0.24447664618492126,0.7554929256439209,0.3961465060710907,0.6209362745285034
activity64,44,3,0.2258416686935446,0.23124366998672485,0.7687305808067322,0.38698092103004456,0.6312571167945862
activity64,44,4,0.20706678709461118,0.20462623238563538,0.795343279838562,0.3753710687160492,0.647754430770874
activity64,44,5,0.19062021241492072,0.19310423731803894,0.8068846464157104,0.37364140152931213,0.6482284665107727
activity64,44,6,0.1781548293151578,0.19207142293453217,0.8079027533531189,0.37959447503089905,0.6398680210113525
activity64,44,7,0.16820296497152956,0.17552541196346283,0.8244682550430298,0.3712295889854431,0.6491615772247314
activity64,44,8,0.1591421099357157,0.17183782160282135,0.8281478881835938,0.3809606730937958,0.6409459114074707
activity64,44,9,0.1537220287469676,0.16441130638122559,0.8355890512466431,0.40278977155685425,0.6205264329910278
activity64,44,10,0.1471413709439954,0.1579776555299759,0.842025637626648,0.38981086015701294,0.6325404047966003
activity64,44,11,0.14336455154138925,0.15478190779685974,0.845221757888794,0.38786646723747253,0.6343624591827393
activity64,44,12,0.136767930799816,0.15071764588356018,0.849281907081604,0.3779090642929077,0.6448745727539062
activity64,44,13,0.13084289018473103,0.14682625234127045,0.8531773090362549,0.3780849277973175,0.6436488628387451
activity64,44,14,0.12633383099198076,0.14378629624843597,0.8562172055244446,0.37796688079833984,0.6430842876434326
activity64,44,15,0.12395857235062575,0.14171957969665527,0.8582860827445984,0.39347943663597107,0.6277651190757751
activity64,44,16,0.12238245834840224,0.13875220715999603,0.8612504005432129,0.3825972378253937,0.6383840441703796
activity64,44,17,0.12046835261970025,0.13683289289474487,0.8631718158721924,0.3833411633968353,0.6372136473655701
activity64,44,18,0.11903993899456873,0.13590240478515625,0.8641016483306885,0.38716205954551697,0.6345179080963135
activity64,44,19,0.1174528686312221,0.13565486669540405,0.8643511533737183,0.3894871771335602,0.6326779127120972
activity64,44,20,0.11802160507347226,0.13516512513160706,0.8648394346237183,0.38584327697753906,0.6356186270713806
all96_3blocks,43,1,0.40189118655736017,0.28003865480422974,0.7199519276618958,0.44837039709091187,0.5769045948982239
all96_3blocks,43,2,0.2473464800140735,0.23468521237373352,0.7652727365493774,0.40960493683815,0.6139868497848511
all96_3blocks,43,3,0.21341706817848838,0.2020423710346222,0.7979339361190796,0.3884759247303009,0.6360920667648315
all96_3blocks,43,4,0.19097184136009857,0.19079551100730896,0.8091907501220703,0.3913244307041168,0.629973292350769
all96_3blocks,43,5,0.17498634699207025,0.17670056223869324,0.8232864141464233,0.4138951599597931,0.6118022203445435
all96_3blocks,43,6,0.1650881826450894,0.16869013011455536,0.8312971591949463,0.3965558111667633,0.6267867088317871
all96_3blocks,43,7,0.15323788473003397,0.1596737653017044,0.8403165340423584,0.38704603910446167,0.6377087831497192
all96_3blocks,43,8,0.1460370153855424,0.1581469476222992,0.8418481349945068,0.41993317008018494,0.6048058271408081
all96_3blocks,43,9,0.1402173548083444,0.1469958871603012,0.8530068397521973,0.40136584639549255,0.6255335211753845
all96_3blocks,43,10,0.13280761721816906,0.14811474084854126,0.851874589920044,0.4069180488586426,0.6219320297241211
all96_3blocks,43,11,0.12857554895899173,0.13867948949337006,0.8613207340240479,0.43305501341819763,0.5963340997695923
all96_3blocks,43,12,0.12406552175747468,0.13547416031360626,0.8645268678665161,0.4176413416862488,0.6107640266418457
all96_3blocks,43,13,0.11902465785109757,0.13228054344654083,0.8677166700363159,0.4158249497413635,0.6109545230865479
all96_3blocks,43,14,0.11612055714231743,0.1298578679561615,0.8701386451721191,0.41712525486946106,0.6100975871086121
all96_3blocks,43,15,0.11372401585781601,0.12695538997650146,0.8730398416519165,0.4138810634613037,0.6133098006248474
all96_3blocks,43,16,0.11106735322832795,0.12503302097320557,0.8749631643295288,0.41404056549072266,0.612419843673706
all96_3blocks,43,17,0.11006994283239313,0.12395285069942474,0.8760420680046082,0.42256784439086914,0.6046143174171448
all96_3blocks,43,18,0.10830484922033562,0.12325102090835571,0.8767437934875488,0.4174949526786804,0.6102935671806335
all96_3blocks,43,19,0.1082397498033724,0.12253380566835403,0.8774591684341431,0.41484081745147705,0.6119124889373779
all96_3blocks,43,20,0.10621189867423418,0.12227567285299301,0.8777182698249817,0.41630280017852783,0.6105442643165588
all96_baseline,42,1,0.38748321090368615,0.27076974511146545,0.7292122840881348,0.42838767170906067,0.5902719497680664
all96_baseline,42,2,0.23647846550616108,0.2334461510181427,0.7665155529975891,0.4307625889778137,0.590666651725769
all96_baseline,42,3,0.20267709759391128,0.20157939195632935,0.7983956933021545,0.3897608816623688,0.6308122873306274
all96_baseline,42,4,0.18125955668871835,0.18607409298419952,0.813908040523529,0.40545323491096497,0.6203401684761047
all96_baseline,42,5,0.17005839749070623,0.1732797473669052,0.8267185688018799,0.38975897431373596,0.634049654006958
all96_baseline,42,6,0.15785408738475518,0.16536319255828857,0.8346318006515503,0.3647840619087219,0.6546915769577026
all96_baseline,42,7,0.1485416208897661,0.15692438185214996,0.8430696725845337,0.4071568548679352,0.6188026666641235
all96_baseline,42,8,0.14066010017723046,0.1504286676645279,0.8495607376098633,0.39828020334243774,0.6205134391784668
all96_baseline,42,9,0.13545431959482382,0.14348439872264862,0.8565035462379456,0.3917088508605957,0.6273503303527832
all96_baseline,42,10,0.12693781549831898,0.13975335657596588,0.8602410554885864,0.4095327854156494,0.6124258041381836
all96_baseline,42,11,0.12124889956358029,0.13497382402420044,0.8650281429290771,0.39976727962493896,0.6209200620651245
all96_baseline,42,12,0.11968054571807785,0.13137653470039368,0.8686211705207825,0.39182373881340027,0.6311039924621582
all96_baseline,42,13,0.11486517755377212,0.12808530032634735,0.871909499168396,0.4003850221633911,0.6197394728660583
all96_baseline,42,14,0.11070392646045493,0.12507495284080505,0.8749220967292786,0.40322452783584595,0.6211835145950317
all96_baseline,42,15,0.10716765519356568,0.12238158285617828,0.8776103258132935,0.4043402671813965,0.6200825572013855
all96_baseline,42,16,0.10422690855376672,0.11969703435897827,0.8802945613861084,0.4028241038322449,0.6199849843978882
all96_baseline,42,17,0.10278033970186375,0.11826873570680618,0.8817232251167297,0.4045523703098297,0.6174500584602356
all96_baseline,42,18,0.10295449925215719,0.11734916269779205,0.8826406002044678,0.4029378592967987,0.6194334030151367
all96_baseline,42,19,0.10080846813367784,0.11698593944311142,0.8830056190490723,0.40181177854537964,0.6207554340362549
all96_baseline,42,20,0.10103593370191737,0.11666673421859741,0.8833247423171997,0.4023650884628296,0.6197787523269653
all96_baseline,43,1,0.39708733612792335,0.2733802795410156,0.7265992164611816,0.42766207456588745,0.5953812003135681
all96_baseline,43,2,0.2428186050330766,0.22556611895561218,0.7743993401527405,0.40951311588287354,0.6158244609832764
all96_baseline,43,3,0.2059892073893707,0.20194865763187408,0.7980326414108276,0.3818846344947815,0.6402848362922668
all96_baseline,43,4,0.18649105947023004,0.1894243359565735,0.8105636835098267,0.415252149105072,0.6124260425567627
all96_baseline,43,5,0.1697387187579601,0.17158062756061554,0.8284130096435547,0.38014811277389526,0.6407382488250732
all96_baseline,43,6,0.15798347068446328,0.1660226732492447,0.8339678049087524,0.3941405415534973,0.625173807144165
all96_baseline,43,7,0.14771135136051733,0.15804149210453033,0.8419477343559265,0.3858145475387573,0.6374465823173523
all96_baseline,43,8,0.14078483399128755,0.15416817367076874,0.8458359837532043,0.4022239148616791,0.6205032467842102
all96_baseline,43,9,0.133615114270174,0.14575396478176117,0.8542488813400269,0.38094398379325867,0.6435256004333496
all96_baseline,43,10,0.12736778303414117,0.1480628103017807,0.8519287705421448,0.40974506735801697,0.6170606017112732
all96_baseline,43,11,0.122550528336158,0.1347530484199524,0.865246593952179,0.40950387716293335,0.6146650314331055
all96_baseline,43,12,0.11768565633219627,0.13184289634227753,0.868157148361206,0.40783169865608215,0.6179841756820679
all96_baseline,43,13,0.11234161787318436,0.12915083765983582,0.8708454966545105,0.4070281684398651,0.615078330039978
all96_baseline,43,14,0.10912204728230535,0.12563556432724,0.8743587732315063,0.4009963572025299,0.6236364245414734
all96_baseline,43,15,0.1070789001392038,0.12193542718887329,0.8780588507652283,0.40935754776000977,0.6140334010124207
all96_baseline,43,16,0.10349978493297393,0.1203039288520813,0.8796882629394531,0.405086487531662,0.6170071363449097
all96_baseline,43,17,0.10304668369975933,0.11934040486812592,0.8806533813476562,0.4101499319076538,0.6130118370056152
all96_baseline,43,18,0.10051478027897393,0.11808116734027863,0.881913423538208,0.4082111120223999,0.6156797409057617
all96_baseline,43,19,0.10077304374184917,0.11733400076627731,0.8826577663421631,0.4044332206249237,0.6185059547424316
all96_baseline,43,20,0.0986089090512903,0.11703334748744965,0.8829606771469116,0.40607950091362,0.6170863509178162
all96_baseline,44,1,0.3962131323230347,0.2830696702003479,0.7169100642204285,0.4825633764266968,0.5436567068099976
all96_baseline,44,2,0.24265888814424774,0.23600757122039795,0.7639535069465637,0.4280804395675659,0.5839264392852783
all96_baseline,44,3,0.2049644207287688,0.20821475982666016,0.7917578220367432,0.4070567786693573,0.612281084060669
all96_baseline,44,4,0.18647569946127984,0.18666720390319824,0.8133144378662109,0.41987916827201843,0.6048744916915894
all96_baseline,44,5,0.17103799821946444,0.17190426588058472,0.8280849456787109,0.3990878760814667,0.6215142011642456
all96_baseline,44,6,0.15972574658508534,0.16569893062114716,0.8342956304550171,0.3821011781692505,0.6385788321495056
all96_baseline,44,7,0.14890013400073554,0.15915150940418243,0.8408445119857788,0.37071749567985535,0.6472486257553101
all96_baseline,44,8,0.14127640032394886,0.15515489876270294,0.8448348045349121,0.41100385785102844,0.6119589805603027
all96_baseline,44,9,0.13587315963018662,0.1455046385526657,0.8544946908950806,0.4244063198566437,0.5990779399871826
all96_baseline,44,10,0.12931355737266392,0.138921856880188,0.8610780835151672,0.3975229561328888,0.6251713633537292
all96_baseline,44,11,0.12398616005243604,0.1356380730867386,0.8643621206283569,0.3925594985485077,0.6278403401374817
all96_baseline,44,12,0.1178212599146286,0.13232116401195526,0.8676738142967224,0.40441587567329407,0.6192411184310913
all96_baseline,44,13,0.11200841723539152,0.12650597095489502,0.8734897375106812,0.4079420566558838,0.6145725846290588
all96_baseline,44,14,0.10867611162814518,0.12490744143724442,0.875086784362793,0.40099358558654785,0.622664213180542
all96_baseline,44,15,0.10679589779718343,0.12270011007785797,0.8772907257080078,0.4153611958026886,0.6066389679908752
all96_baseline,44,16,0.10485912374602069,0.12020286917686462,0.8797881007194519,0.40726912021636963,0.6147861480712891
all96_baseline,44,17,0.1026868574697966,0.11879835277795792,0.881192684173584,0.4061470031738281,0.615845799446106
all96_baseline,44,18,0.10202423917967202,0.11713778227567673,0.8828545808792114,0.40878382325172424,0.6140827536582947
all96_baseline,44,19,0.1000835453903915,0.11672307550907135,0.8832687139511108,0.4105757772922516,0.6120918393135071
all96_baseline,44,20,0.10147802140955424,0.11645622551441193,0.8835344314575195,0.4083653688430786,0.6143405437469482
all96_chdrop010,43,1,0.42722382914299933,0.28863030672073364,0.7113678455352783,0.41619354486465454,0.606010377407074
all96_chdrop010,43,2,0.28045041411381705,0.24254082143306732,0.7574270963668823,0.39457210898399353,0.6291652321815491
all96_chdrop010,43,3,0.2436198802522365,0.21309080719947815,0.7868819236755371,0.36773407459259033,0.652797520160675
all96_chdrop010,43,4,0.22530315027407619,0.1967642605304718,0.8032174110412598,0.36628854274749756,0.6512607336044312
all96_chdrop010,43,5,0.2073390802467696,0.18546688556671143,0.8145247101783752,0.36800509691238403,0.6530567407608032
all96_chdrop010,43,6,0.19703564856276415,0.17319047451019287,0.8267965912818909,0.35413628816604614,0.664216160774231
all96_chdrop010,43,7,0.1865941296001142,0.16944649815559387,0.8305529356002808,0.3369886577129364,0.6818851232528687
all96_chdrop010,43,8,0.18119204309829395,0.1632189303636551,0.8367860317230225,0.369581013917923,0.6487250924110413
all96_chdrop010,43,9,0.17558712491386422,0.15827925503253937,0.8417226076126099,0.353468120098114,0.666806697845459
all96_chdrop010,43,10,0.16763681513084394,0.15513508021831512,0.8448692560195923,0.34684842824935913,0.6748093366622925
all96_chdrop010,43,11,0.1643466880550854,0.14899687469005585,0.851007342338562,0.35982733964920044,0.6637429594993591
all96_chdrop010,43,12,0.15853599003430716,0.14687436819076538,0.8531262874603271,0.35219958424568176,0.6689673066139221
all96_chdrop010,43,13,0.15489690924784213,0.14073897898197174,0.8592629432678223,0.34623193740844727,0.6725218296051025
all96_chdrop010,43,14,0.15143227178778423,0.14004328846931458,0.8599527478218079,0.34526702761650085,0.6737913489341736
all96_chdrop010,43,15,0.15024998489308944,0.13709498941898346,0.8629059195518494,0.3415651321411133,0.6773266196250916
all96_chdrop010,43,16,0.1471685590733351,0.1340552419424057,0.8659453988075256,0.3419210612773895,0.6766872406005859
all96_chdrop010,43,17,0.14675197191886455,0.1320120245218277,0.867987871170044,0.345307320356369,0.6746068000793457
all96_chdrop010,43,18,0.14413862637225414,0.13123121857643127,0.8687700629234314,0.3432815968990326,0.6760320663452148
all96_chdrop010,43,19,0.14368388199966226,0.13083645701408386,0.869162380695343,0.3396281898021698,0.6792773604393005
all96_chdrop010,43,20,0.14190569902826475,0.13072380423545837,0.8692760467529297,0.34051331877708435,0.6784600019454956
all96_chdrop020,42,1,0.4530127664473766,0.30429282784461975,0.6956851482391357,0.42006978392601013,0.6000271439552307
all96_chdrop020,42,2,0.30645450920066575,0.25660061836242676,0.7433865666389465,0.3730381727218628,0.6426581144332886
all96_chdrop020,42,3,0.27262635981476546,0.22426548600196838,0.7757060527801514,0.350888729095459,0.6682918667793274
all96_chdrop020,42,4,0.2526161726169138,0.20970018208026886,0.790277361869812,0.3407838046550751,0.6809830069541931
all96_chdrop020,42,5,0.24146049205355463,0.20378918945789337,0.7961960434913635,0.3655906319618225,0.6573575735092163
all96_chdrop020,42,6,0.23004749296495577,0.18891245126724243,0.8110790848731995,0.3362007439136505,0.684920072555542
all96_chdrop020,42,7,0.2205637924036457,0.18777061998844147,0.8122042417526245,0.3629838824272156,0.6575817465782166
all96_chdrop020,42,8,0.21369289628878002,0.17362581193447113,0.8263652324676514,0.33653509616851807,0.6822503805160522
all96_chdrop020,42,9,0.21018234743634592,0.17273926734924316,0.8272340297698975,0.3334292471408844,0.6852468252182007
all96_chdrop020,42,10,0.20433692627838526,0.1731799989938736,0.826812744140625,0.32466480135917664,0.6938682794570923
all96_chdrop020,42,11,0.1961886416172288,0.1622442901134491,0.8377573490142822,0.3213956356048584,0.697762668132782
all96_chdrop020,42,12,0.19608211891096444,0.16208143532276154,0.8379063010215759,0.332970529794693,0.690090537071228
all96_chdrop020,42,13,0.1895323329883934,0.15769918262958527,0.8423022031784058,0.32723942399024963,0.6939342021942139
all96_chdrop020,42,14,0.18545576111315615,0.15448510646820068,0.8455142974853516,0.32515549659729004,0.696220874786377
all96_chdrop020,42,15,0.17940524879317957,0.1483534723520279,0.8516504764556885,0.32665348052978516,0.693486213684082
all96_chdrop020,42,16,0.1789228995974432,0.1458989381790161,0.8541075587272644,0.33263465762138367,0.6885147094726562
all96_chdrop020,42,17,0.1761995719743255,0.14615385234355927,0.8538506627082825,0.3258688449859619,0.6952011585235596
all96_chdrop020,42,18,0.1799567059009134,0.14368663728237152,0.8563160300254822,0.3296697437763214,0.6916866302490234
all96_chdrop020,42,19,0.17671975568103576,0.14485043287277222,0.8551568984985352,0.3267678916454315,0.6942194104194641
all96_chdrop020,42,20,0.1759001285391099,0.14340589940547943,0.8566004037857056,0.32885822653770447,0.6922010183334351
all96_chdrop020,43,1,0.4599374507977658,0.29541337490081787,0.7045875787734985,0.4030800759792328,0.6194320917129517
all96_chdrop020,43,2,0.3141074000709009,0.25423529744148254,0.7457408308982849,0.37160807847976685,0.6498656272888184
all96_chdrop020,43,3,0.2799630007461147,0.2299993336200714,0.7699446678161621,0.35371488332748413,0.6671721935272217
all96_chdrop020,43,4,0.26068376685682293,0.21030299365520477,0.7896730899810791,0.3694329857826233,0.6515790224075317
all96_chdrop020,43,5,0.24026583510223917,0.2023381143808365,0.7976498603820801,0.3543233573436737,0.665198564529419
all96_chdrop020,43,6,0.23011487431040814,0.19175785779953003,0.8082086443901062,0.3322908878326416,0.6864177584648132
all96_chdrop020,43,7,0.22072582571231814,0.18420350551605225,0.8157891035079956,0.3298734724521637,0.6904979944229126
all96_chdrop020,43,8,0.21478837109518797,0.18106335401535034,0.8189065456390381,0.3654845058917999,0.6590738296508789
all96_chdrop020,43,9,0.20978808002983965,0.17098794877529144,0.829014241695404,0.34258604049682617,0.6783757209777832
all96_chdrop020,43,10,0.19974355884179706,0.16629262268543243,0.833705484867096,0.3287625312805176,0.6931355595588684
all96_chdrop020,43,11,0.19705167000725765,0.15910853445529938,0.8408949971199036,0.3389275074005127,0.6823508739471436
all96_chdrop020,43,12,0.1927742615875515,0.15896926820278168,0.8410335183143616,0.33113735914230347,0.690341055393219
all96_chdrop020,43,13,0.1901400631612846,0.15734130144119263,0.8426599502563477,0.32914695143699646,0.6902869343757629
all96_chdrop020,43,14,0.18401378004209573,0.15582402050495148,0.8441755771636963,0.3258292078971863,0.6940532922744751
all96_chdrop020,43,15,0.1848829454023566,0.15168745815753937,0.8483152985572815,0.3177793025970459,0.7021664381027222
all96_chdrop020,43,16,0.17997527124097684,0.14869721233844757,0.8513068556785583,0.3224855959415436,0.6975411176681519
all96_chdrop020,43,17,0.18023638879426107,0.14643344283103943,0.8535715937614441,0.32327693700790405,0.6979901790618896
all96_chdrop020,43,18,0.17798328530335053,0.14516021311283112,0.8548440933227539,0.32251670956611633,0.698401927947998
all96_chdrop020,43,19,0.17684164727294205,0.14504390954971313,0.85495924949646,0.31978029012680054,0.7007486820220947
all96_chdrop020,43,20,0.1748067263722153,0.14541809260845184,0.8545854091644287,0.31990209221839905,0.7006492614746094
all96_chdrop020,44,1,0.4630328342698564,0.29635754227638245,0.7036184072494507,0.43795639276504517,0.5910402536392212
all96_chdrop020,44,2,0.3108683462937673,0.25184735655784607,0.7481187582015991,0.3919544816017151,0.6214986443519592
all96_chdrop020,44,3,0.27398134883351505,0.22765086591243744,0.7722964882850647,0.3719860911369324,0.6455016136169434
all96_chdrop020,44,4,0.25304218051284216,0.22092455625534058,0.7790285348892212,0.36576905846595764,0.6546220779418945
all96_chdrop020,44,5,0.24016586497592712,0.1988544762134552,0.8011181354522705,0.3588902950286865,0.6627744436264038
all96_chdrop020,44,6,0.22867620707224945,0.18855851888656616,0.8114116191864014,0.3550513684749603,0.6657612919807434
all96_chdrop020,44,7,0.2194350370251359,0.18422116339206696,0.8157623410224915,0.3380517363548279,0.680118203163147
all96_chdrop020,44,8,0.21287053842405879,0.17937932908535004,0.8206139802932739,0.3678855299949646,0.6561517119407654
all96_chdrop020,44,9,0.21013738877687946,0.16942453384399414,0.8305779695510864,0.3395139276981354,0.6797392964363098
all96_chdrop020,44,10,0.20173028806178628,0.16637499630451202,0.8336122035980225,0.33669301867485046,0.6819565296173096
all96_chdrop020,44,11,0.1984665039528403,0.1659921556711197,0.833997368812561,0.34847792983055115,0.6735550761222839
all96_chdrop020,44,12,0.19259390199211088,0.15765133500099182,0.8423514366149902,0.33356356620788574,0.6865636706352234
all96_chdrop020,44,13,0.1879340607367906,0.15665575861930847,0.843345046043396,0.32010728120803833,0.6992272138595581
all96_chdrop020,44,14,0.18329273967534904,0.15613669157028198,0.8438628911972046,0.32935062050819397,0.6897583603858948
all96_chdrop020,44,15,0.18291769553484266,0.1514226347208023,0.84857177734375,0.3293716609477997,0.6897672414779663
all96_chdrop020,44,16,0.1802960300998933,0.14813461899757385,0.8518706560134888,0.32247522473335266,0.6958950161933899
all96_chdrop020,44,17,0.17842687214380942,0.14692673087120056,0.8530775904655457,0.31698864698410034,0.7012466192245483
all96_chdrop020,44,18,0.1792233996709988,0.14484401047229767,0.8551602363586426,0.3225153684616089,0.6961374282836914
all96_chdrop020,44,19,0.1749813983571076,0.14423075318336487,0.8557753562927246,0.3229835331439972,0.6960847973823547
all96_chdrop020,44,20,0.17554548819859822,0.1448928415775299,0.8551115393638611,0.3214009702205658,0.6976994872093201
all96_kernel2,43,1,0.40784487801110186,0.2859548330307007,0.7139981389045715,0.437032014131546,0.5863646268844604
all96_kernel2,43,2,0.2512299482627736,0.2368783801794052,0.7630866765975952,0.43146345019340515,0.5948018431663513
all96_kernel2,43,3,0.2153990067864958,0.2063668668270111,0.7936077117919922,0.40569597482681274,0.6208491921424866
all96_kernel2,43,4,0.1939822973354284,0.1932021826505661,0.806779146194458,0.41778913140296936,0.6068118810653687
all96_kernel2,43,5,0.17756443758938936,0.17723529040813446,0.8227543234825134,0.4267370402812958,0.6016985177993774
all96_kernel2,43,6,0.1664062599994459,0.16983652114868164,0.8301509618759155,0.41552919149398804,0.6113667488098145
all96_kernel2,43,7,0.1554097329110107,0.16159437596797943,0.838396430015564,0.4031149446964264,0.6201581954956055
all96_kernel2,43,8,0.14868948391886633,0.1563330888748169,0.8436547517776489,0.4360525906085968,0.5892478227615356
all96_kernel2,43,9,0.14260474022469533,0.14797823131084442,0.8520218133926392,0.4128514230251312,0.6125746965408325
all96_kernel2,43,10,0.13532770517821813,0.15198704600334167,0.8480005860328674,0.42005079984664917,0.6081757545471191
all96_kernel2,43,11,0.13072889263997942,0.13977724313735962,0.860226035118103,0.41444867849349976,0.6138577461242676
all96_kernel2,43,12,0.12674091107359936,0.1366633176803589,0.8633337020874023,0.4312766492366791,0.5969464778900146
all96_kernel2,43,13,0.12200306498697673,0.1338396519422531,0.8661547899246216,0.4248540699481964,0.6028484106063843
all96_kernel2,43,14,0.11914538410152632,0.13152247667312622,0.8684755563735962,0.41737058758735657,0.6104654669761658
all96_kernel2,43,15,0.11604681508053069,0.1282905638217926,0.8717051148414612,0.41502687335014343,0.6106579899787903
all96_kernel2,43,16,0.11340899052235905,0.12708185613155365,0.8729120492935181,0.4217527210712433,0.6051442623138428
all96_kernel2,43,17,0.11206509470606277,0.1258159726858139,0.8741782307624817,0.4227992296218872,0.6042634844779968
all96_kernel2,43,18,0.11053534113587415,0.12474826723337173,0.8752468228340149,0.42302972078323364,0.6046274900436401
all96_kernel2,43,19,0.11055411564023702,0.12418671697378159,0.8758070468902588,0.41684490442276,0.6101593971252441
all96_kernel2,43,20,0.10886396458818341,0.12394088506698608,0.8760530352592468,0.42058444023132324,0.606552243232727
stable64,43,1,0.4090799660730682,0.29405856132507324,0.7059327960014343,0.3961293399333954,0.6230171918869019
stable64,43,2,0.2641387021954961,0.25425949692726135,0.745732307434082,0.37684571743011475,0.6434262990951538
stable64,43,3,0.23010124972602666,0.2266416698694229,0.773333728313446,0.3627680838108063,0.6549484729766846
stable64,43,4,0.21140652217187605,0.2103353887796402,0.7896450757980347,0.3633996546268463,0.6556109189987183
stable64,43,5,0.19360209564234587,0.19918236136436462,0.8008086681365967,0.38365718722343445,0.6355307102203369
stable64,43,6,0.1806546992516891,0.18811362981796265,0.8118691444396973,0.3678227365016937,0.6508777141571045
stable64,43,7,0.1685107434075951,0.17663411796092987,0.8233588933944702,0.3567291498184204,0.6616417169570923
stable64,43,8,0.1613499543384151,0.171448215842247,0.8285438418388367,0.3778001666069031,0.6392470002174377
stable64,43,9,0.15335138502937035,0.16463901102542877,0.8353615999221802,0.36680951714515686,0.6546690464019775
stable64,43,10,0.14654424373335487,0.1650799810886383,0.83488929271698,0.37082773447036743,0.649328351020813
stable64,43,11,0.14210259180741022,0.15473046898841858,0.8452770113945007,0.3777439296245575,0.6423081159591675
stable64,43,12,0.13662599613002482,0.15066403150558472,0.8493379354476929,0.3771902024745941,0.6440911293029785
stable64,43,13,0.13170163148668254,0.14770936965942383,0.8522970080375671,0.3767939507961273,0.6446297764778137
stable64,43,14,0.1281662843091376,0.14506474137306213,0.8549400568008423,0.37116312980651855,0.6489729881286621
stable64,43,15,0.12567380953421795,0.1425134390592575,0.8574905395507812,0.37097296118736267,0.6491535902023315
stable64,43,16,0.12203895280825211,0.13973470032215118,0.8602689504623413,0.37846407294273376,0.6442217230796814
stable64,43,17,0.12082992723257482,0.13888196647167206,0.8611236810684204,0.38007357716560364,0.6423148512840271
stable64,43,18,0.11822349387660656,0.1375245749950409,0.8624803423881531,0.37885525822639465,0.6437296867370605
stable64,43,19,0.1182998564652682,0.13667263090610504,0.8633337020874023,0.37539589405059814,0.6463339328765869
stable64,43,20,0.11721554667090943,0.1364637017250061,0.8635421991348267,0.3767029047012329,0.6450072526931763
stable72,42,1,0.4171819668354871,0.327075719833374,0.6728963851928711,0.4487886428833008,0.5634036064147949
stable72,42,2,0.2542241885611408,0.24813523888587952,0.7518479228019714,0.390929639339447,0.6258901357650757
stable72,42,3,0.21895049071952,0.21973861753940582,0.7802469730377197,0.3871740400791168,0.6346415877342224
stable72,42,4,0.19858803143303932,0.20461316406726837,0.7953566312789917,0.3483939468860626,0.6704509258270264
stable72,42,5,0.18358031885469253,0.19074369966983795,0.8092395663261414,0.3747141361236572,0.6489942669868469
stable72,42,6,0.17155199093573312,0.17739032208919525,0.8226048946380615,0.34365206956863403,0.677212119102478
stable72,42,7,0.1640383339581607,0.17404158413410187,0.8259537816047668,0.35993069410324097,0.660712718963623
stable72,42,8,0.15522975777886325,0.1686723381280899,0.8313119411468506,0.3530692756175995,0.6648486852645874
stable72,42,9,0.1495711824051219,0.15991266071796417,0.8400834798812866,0.3593554198741913,0.6629913449287415
stable72,42,10,0.14295077676207693,0.15639641880989075,0.8435962200164795,0.3761928975582123,0.6455458402633667
stable72,42,11,0.1347567306075587,0.15274398028850555,0.8472622632980347,0.3651176393032074,0.6573266983032227
stable72,42,12,0.1323665806311089,0.14942902326583862,0.8505716323852539,0.3577765226364136,0.6641112565994263
stable72,42,13,0.12942417966706107,0.14325864613056183,0.8567441701889038,0.3627853989601135,0.659609317779541
stable72,42,14,0.12476936089245798,0.1400894969701767,0.8599169254302979,0.3774101436138153,0.6479769945144653
stable72,42,15,0.11975817783566929,0.13840873539447784,0.8615939617156982,0.37423890829086304,0.6502580642700195
stable72,42,16,0.11836761144116954,0.13557927310466766,0.8644225597381592,0.3693369925022125,0.6539790630340576
stable72,42,17,0.11563683052457685,0.13370829820632935,0.8662960529327393,0.3750894069671631,0.6496390700340271
stable72,42,18,0.11649598893836574,0.13278469443321228,0.8672208786010742,0.3710622787475586,0.6529688835144043
stable72,42,19,0.11412280322788013,0.1323358714580536,0.8676662445068359,0.37087729573249817,0.6532175540924072
stable72,42,20,0.1132841367756227,0.13211007416248322,0.8678932189941406,0.37116238474845886,0.6531422138214111
stable72,43,1,0.4076271711926599,0.28892311453819275,0.7110692262649536,0.39636191725730896,0.6205686330795288
stable72,43,2,0.25597325258073655,0.25109148025512695,0.7488921284675598,0.37415191531181335,0.6456578373908997
stable72,43,3,0.22190319280363036,0.2222386598587036,0.7777236700057983,0.36157357692718506,0.6584084630012512
stable72,43,4,0.20214383906566058,0.20616520941257477,0.793818473815918,0.35653844475746155,0.6618229150772095
stable72,43,5,0.18652065258431488,0.18977117538452148,0.8102225065231323,0.3618781268596649,0.6585695743560791
stable72,43,6,0.17501380891741256,0.1824091523885727,0.8175769448280334,0.37234604358673096,0.6481007933616638
stable72,43,7,0.16235834939834523,0.17129169404506683,0.828705370426178,0.33791908621788025,0.6803327202796936
stable72,43,8,0.15506807290334296,0.16445092856884003,0.8355484008789062,0.3712913691997528,0.6494068503379822
stable72,43,9,0.14786633533519386,0.16092918813228607,0.8390704393386841,0.35979121923446655,0.6616089344024658
stable72,43,10,0.14183433855406657,0.15738148987293243,0.8426095247268677,0.3712553381919861,0.6494846343994141
stable72,43,11,0.13661206334229284,0.1516105979681015,0.8483847379684448,0.3830641210079193,0.6408494114875793
stable72,43,12,0.13200150098043267,0.14626328647136688,0.853740930557251,0.36782604455947876,0.6545099020004272
stable72,43,13,0.1259243160899587,0.1423715054988861,0.8576339483261108,0.3749549090862274,0.6457955241203308
stable72,43,14,0.12239106898339802,0.14015839993953705,0.8598387241363525,0.3690238893032074,0.6524966359138489
stable72,43,15,0.12053322576169732,0.13654960691928864,0.8634530305862427,0.3639412224292755,0.6553263664245605
stable72,43,16,0.11712612962429422,0.13452740013599396,0.8654760122299194,0.3721368610858917,0.648708701133728
stable72,43,17,0.11621550345647522,0.1332627385854721,0.8667418956756592,0.375297486782074,0.6458855867385864
stable72,43,18,0.11429963491106994,0.132419615983963,0.8675823211669922,0.3736456036567688,0.6481680870056152
stable72,43,19,0.11476501502980055,0.13133330643177032,0.8686679601669312,0.37063169479370117,0.6504600048065186
stable72,43,20,0.11219564779626176,0.13103371858596802,0.8689667582511902,0.3715388774871826,0.6495324373245239
stable72,44,1,0.3995907349687828,0.29532280564308167,0.7046663761138916,0.43714475631713867,0.5897724628448486
stable72,44,2,0.25866476469125255,0.2529134750366211,0.7470654249191284,0.40421685576438904,0.6141762137413025
stable72,44,3,0.22369465564854726,0.22899773716926575,0.7709789276123047,0.40066272020339966,0.6227617263793945
stable72,44,4,0.20324528640281966,0.2073514610528946,0.7926236987113953,0.36831972002983093,0.6524906158447266
stable72,44,5,0.18797534192968535,0.19399163126945496,0.8060012459754944,0.3743676245212555,0.6481579542160034
stable72,44,6,0.17570216800142455,0.19263076782226562,0.8073430061340332,0.3632883131504059,0.6569905281066895
stable72,44,7,0.16490632473622394,0.17883604764938354,0.8211457133293152,0.357138454914093,0.6628774404525757
stable72,44,8,0.15643817777334976,0.17265444993972778,0.8273296356201172,0.371120423078537,0.6517252922058105
stable72,44,9,0.1505064745797407,0.1617651879787445,0.8382371664047241,0.38878756761550903,0.6367701292037964
stable72,44,10,0.14345457020355284,0.15432214736938477,0.8456810712814331,0.3744151294231415,0.6493096947669983
stable72,44,11,0.1395056542920853,0.15264222025871277,0.8473641872406006,0.3672832250595093,0.6548579931259155
stable72,44,12,0.13183517903822914,0.14864647388458252,0.8513529300689697,0.3703693151473999,0.6509923338890076
stable72,44,13,0.12560216350976786,0.14373263716697693,0.8562718033790588,0.3698248863220215,0.6517958641052246
stable72,44,14,0.1224881622595275,0.14079627394676208,0.8592075109481812,0.3784463703632355,0.6447070837020874
stable72,44,15,0.12019337170942784,0.13919448852539062,0.8608090877532959,0.3906351625919342,0.634539008140564
stable72,44,16,0.11838760171160602,0.13586409389972687,0.8641370534896851,0.36991170048713684,0.6514338254928589
stable72,44,17,0.11701398342581136,0.1340690702199936,0.8659360408782959,0.37778306007385254,0.644002377986908
stable72,44,18,0.11496667831336092,0.13323931396007538,0.866765022277832,0.3782889246940613,0.6441477537155151
stable72,44,19,0.11353629728425002,0.13244260847568512,0.8675614595413208,0.38113275170326233,0.6421859264373779
stable72,44,20,0.11450167843426101,0.13206790387630463,0.8679349422454834,0.3790859878063202,0.6437402963638306
stable80,43,1,0.4053091380740172,0.2797011733055115,0.720289945602417,0.4189492166042328,0.6032589077949524
stable80,43,2,0.2498276819252061,0.2392626702785492,0.7607148885726929,0.40421053767204285,0.6175010204315186
stable80,43,3,0.21543762895351554,0.20835742354393005,0.7916131615638733,0.3915167450904846,0.630375862121582
stable80,43,4,0.1935383809066192,0.19378191232681274,0.806195080280304,0.39130276441574097,0.6280162334442139
stable80,43,5,0.1789993147055308,0.18259909749031067,0.8173950910568237,0.4066372513771057,0.6195555925369263
stable80,43,6,0.16604627610986397,0.17117463052272797,0.8288191556930542,0.4112515449523926,0.6136617660522461
stable80,43,7,0.15496568470193237,0.16625642776489258,0.8337322473526001,0.3858696222305298,0.63798588514328
stable80,43,8,0.14925285525503307,0.1686723381280899,0.8313252925872803,0.4551342725753784,0.5700581073760986
stable80,43,9,0.14223213177266003,0.15208935737609863,0.847906231880188,0.403107225894928,0.6246790289878845
stable80,43,10,0.1347013493698982,0.15379992127418518,0.8461928367614746,0.422859251499176,0.6076622009277344
stable80,43,11,0.13096117413283995,0.14219452440738678,0.8578087091445923,0.416907399892807,0.6127525568008423
stable80,43,12,0.12544733827212778,0.13998660445213318,0.8600165843963623,0.4317615032196045,0.6006998419761658
stable80,43,13,0.12097348467148923,0.13617530465126038,0.8638280630111694,0.42202314734458923,0.6077713966369629
stable80,43,14,0.11654811792458997,0.13568294048309326,0.8643194437026978,0.4279496967792511,0.6047942638397217
stable80,43,15,0.11424313449286241,0.13036087155342102,0.8696359395980835,0.4238132834434509,0.6052452325820923
stable80,43,16,0.11045174668032584,0.1280861794948578,0.871912956237793,0.42687129974365234,0.6040652990341187
stable80,43,17,0.11046914800034807,0.12697701156139374,0.8730223178863525,0.4385882616043091,0.5937894582748413
stable80,43,18,0.10825984108768054,0.12608782947063446,0.8739118576049805,0.43293657898902893,0.5993024110794067
stable80,43,19,0.10816541467403672,0.12529294192790985,0.8747040033340454,0.42693302035331726,0.6044002771377563
stable80,43,20,0.1074960274891032,0.12500551342964172,0.8749914169311523,0.4288302958011627,0.6023379564285278
stable88,43,1,0.4032888580835372,0.27628567814826965,0.7237074971199036,0.4374009072780609,0.5869412422180176
stable88,43,2,0.24622477462361056,0.2337038367986679,0.7662681937217712,0.42778924107551575,0.6004178524017334
stable88,43,3,0.2103396033000626,0.2026088535785675,0.7973734140396118,0.3936385214328766,0.6309837698936462
stable88,43,4,0.1902311595160956,0.19213984906673431,0.8078500032424927,0.38397708535194397,0.635255753993988
stable88,43,5,0.17575419690251617,0.1775994449853897,0.8223955631256104,0.3982656002044678,0.625541090965271
stable88,43,6,0.16294462550139802,0.17047731578350067,0.8295170068740845,0.39485225081443787,0.6267541646957397
stable88,43,7,0.1510092618454756,0.1612536609172821,0.8387331962585449,0.3850497007369995,0.6356059312820435
stable88,43,8,0.1457602934589322,0.1560785174369812,0.8439217805862427,0.42092064023017883,0.602756917476654
stable88,43,9,0.1388991245260708,0.14761149883270264,0.8523944616317749,0.4021628201007843,0.6242091655731201
stable88,43,10,0.13021677574722026,0.15059314668178558,0.8493930101394653,0.4088761806488037,0.6190259456634521
stable88,43,11,0.12656039165037056,0.13970030844211578,0.8603042364120483,0.41192007064819336,0.6139275431632996
stable88,43,12,0.12183590355402138,0.1357639878988266,0.8642404079437256,0.4145619571208954,0.6120762825012207
stable88,43,13,0.11633633051675972,0.1337253898382187,0.8662784099578857,0.42230257391929626,0.6071257591247559
stable88,43,14,0.11358381999552383,0.12959522008895874,0.8704037666320801,0.40789303183555603,0.6189117431640625
stable88,43,15,0.11097602070377977,0.12804369628429413,0.8719549179077148,0.4065539240837097,0.6195668578147888
stable88,43,16,0.10761861332577613,0.12478287518024445,0.8752130270004272,0.40650153160095215,0.6203130483627319
stable88,43,17,0.1065239379529985,0.123710036277771,0.8762850761413574,0.4165239930152893,0.6113170385360718
stable88,43,18,0.10459888526657284,0.1228342279791832,0.877159833908081,0.4161500334739685,0.612483561038971
stable88,43,19,0.1051234459943686,0.12208083271980286,0.877916693687439,0.41300326585769653,0.6149578094482422
stable88,43,20,0.10372003818785051,0.12162627279758453,0.8783676028251648,0.41246742010116577,0.6150525808334351
