channel_zero_based,activity_mean_counts_per_bin,cross_session_cv,silent_session_fraction,max_train_month_log_shift,composite_score,composite_rank,selected_activity64,selected_stable64,selected_stable72,selected_stable80,selected_stable88
0,0.5928046107292175,0.7192109227180481,0.0,0.9801307916641235,0.5536842105263158,40,True,True,True,True,True
1,0.9097470045089722,0.3836621046066284,0.0,0.40345147252082825,0.9105263157894737,1,True,True,True,True,True
2,0.39618393778800964,0.8050074577331543,0.034482758620689655,1.0793251991271973,0.2910526315789474,78,False,False,False,True,True
3,0.6866896152496338,0.608339250087738,0.0,0.653110682964325,0.7005263157894737,18,True,True,True,True,True
4,0.6020229458808899,0.5395229458808899,0.034482758620689655,0.3556268811225891,0.6763157894736843,22,True,True,True,True,True
5,0.34710341691970825,0.867665708065033,0.034482758620689655,0.6298174858093262,0.3110526315789474,75,False,False,False,True,True
6,0.7379998564720154,0.6176787614822388,0.06896551724137931,0.7104359865188599,0.5589473684210526,38,True,True,True,True,True
7,0.6439539194107056,0.5099687576293945,0.0,0.446985125541687,0.7857894736842105,13,True,True,True,True,True
8,0.4611724317073822,0.7863895297050476,0.06896551724137931,1.1945303678512573,0.2926315789473684,77,True,False,False,True,True
9,0.449701189994812,0.35303106904029846,0.0,0.37284374237060547,0.7147368421052631,17,True,True,True,True,True
10,0.4938620626926422,1.009032130241394,0.0,0.8663914799690247,0.4421052631578948,61,True,True,True,True,True
11,0.5881608128547668,1.0554560422897339,0.0,0.8288516998291016,0.47578947368421054,57,True,True,True,True,True
12,0.5711034536361694,0.8016961216926575,0.0,0.7317938804626465,0.528421052631579,46,True,True,True,True,True
13,0.35268962383270264,0.638777494430542,0.034482758620689655,0.2744367718696594,0.4836842105263158,55,False,True,True,True,True
14,0.5469884276390076,0.7306122779846191,0.034482758620689655,0.5300967693328857,0.4989473684210526,52,True,True,True,True,True
15,0.412344753742218,0.5747010111808777,0.034482758620689655,0.4275539219379425,0.5063157894736842,51,False,True,True,True,True
16,0.4892183542251587,0.7225508093833923,0.13793103448275862,0.29467591643333435,0.46842105263157896,60,True,True,True,True,True
17,0.423954039812088,0.49983879923820496,0.0,0.46465083956718445,0.6389473684210527,27,False,True,True,True,True
18,0.9340919256210327,0.5576077699661255,0.0,0.4907001852989197,0.828421052631579,7,True,True,True,True,True
19,0.3027586340904236,0.7316461205482483,0.10344827586206896,0.9100445508956909,0.22894736842105265,85,False,False,False,False,True
20,0.7940230369567871,0.6797808408737183,0.034482758620689655,0.37126338481903076,0.6594736842105263,23,True,True,True,True,True
21,0.47305747866630554,0.84206223487854,0.0,0.33160310983657837,0.5610526315789474,37,True,True,True,True,True
22,0.7423908710479736,0.7912843227386475,0.034482758620689655,1.1094305515289307,0.47526315789473683,58,True,True,True,True,True
23,0.4356551468372345,0.8162721395492554,0.0,0.5457883477210999,0.4715789473684211,59,False,True,True,True,True
24,0.9987586736679077,0.43027663230895996,0.0,0.6295379996299744,0.8331578947368421,6,True,True,True,True,True
25,0.52167809009552,0.6481353044509888,0.0,0.8838767409324646,0.5342105263157896,43,True,True,True,True,True
26,0.7932643890380859,0.5387094616889954,0.0,0.40072453022003174,0.8152631578947368,8,True,True,True,True,True
27,0.4152873456478119,0.8889975547790527,0.0,1.1404272317886353,0.3447368421052631,68,False,False,True,True,True
28,0.4853333532810211,0.9130025506019592,0.13793103448275862,6.0314860343933105,0.2305263157894737,84,True,False,False,False,True
29,0.3365976810455322,1.093166708946228,0.06896551724137931,0.9630412459373474,0.1610526315789474,91,False,False,False,False,False
30,0.6230575442314148,0.5995928049087524,0.0,0.7080525755882263,0.6363157894736842,28,True,True,True,True,True
31,0.4156321883201599,0.9881338477134705,0.13793103448275862,0.8272647261619568,0.2226315789473684,86,False,False,False,False,True
32,1.168321967124939,0.5441117882728577,0.034482758620689655,0.7716033458709717,0.6868421052631579,19,True,True,True,True,True
33,0.23972412943840027,0.9878594279289246,0.034482758620689655,1.59522545337677,0.15210526315789474,92,False,False,False,False,False
34,0.5898850560188293,1.119466781616211,0.20689655172413793,2.4455864429473877,0.24157894736842103,83,True,False,False,False,True
35,0.21963219344615936,1.0513055324554443,0.06896551724137931,0.5857961177825928,0.19947368421052633,89,False,False,False,False,False
36,0.819126546382904,0.6783820986747742,0.0,0.702002763748169,0.6789473684210526,20,True,True,True,True,True
37,0.3799540400505066,0.9152419567108154,0.0,1.3747601509094238,0.29789473684210527,76,False,False,False,True,True
38,0.7760459780693054,0.7329941987991333,0.034482758620689655,0.9056430459022522,0.5110526315789473,50,True,True,True,True,True
39,0.16705746948719025,1.761348009109497,0.0,0.4604552984237671,0.32894736842105265,72,False,False,True,True,True
40,0.47680461406707764,1.0686635971069336,0.13793103448275862,0.7298939824104309,0.2726315789473684,81,True,False,False,False,True
41,0.36609190702438354,0.9610491991043091,0.0,1.6427372694015503,0.2742105263157895,80,False,False,False,True,True
42,0.4664827585220337,0.6403345465660095,0.0,0.6169977784156799,0.5278947368421053,47,True,True,True,True,True
43,0.7726436853408813,0.5154024362564087,0.0,0.4186733067035675,0.7973684210526315,9,True,True,True,True,True
44,0.602390706539154,0.7780049443244934,0.10344827586206896,0.8336458802223206,0.4010526315789474,64,True,True,True,True,True
45,0.642988383769989,0.6978387236595154,0.0,0.47464004158973694,0.6321052631578947,29,True,True,True,True,True
46,0.007218390703201294,3.750248432159424,0.896551724137931,0.0,0.2073684210526316,87,False,False,False,False,True
47,0.3520689010620117,0.7943101525306702,0.13793103448275862,0.9935570955276489,0.1984210526315789,90,False,False,False,False,False
48,0.26275864243507385,0.5258335471153259,0.0,0.28382840752601624,0.5678947368421053,35,False,True,True,True,True
49,0.8305516839027405,0.3443436324596405,0.0,0.46269625425338745,0.846842105263158,4,True,True,True,True,True
50,0.6925057768821716,0.8851235508918762,0.0,1.3076239824295044,0.4852631578947368,54,True,True,True,True,True
51,1.33740234375,0.45218390226364136,0.0,0.7231230735778809,0.7900000000000001,12,True,True,True,True,True
52,0.2758161127567291,0.553942084312439,0.034482758620689655,0.7594764828681946,0.3742105263157895,66,False,False,True,True,True
53,0.7350574135780334,0.6604299545288086,0.0,0.29869508743286133,0.7173684210526315,16,True,True,True,True,True
54,0.3459080755710602,0.8630083799362183,0.1724137931034483,1.4233102798461914,0.14999999999999997,93,False,False,False,False,False
55,0.8030574917793274,0.41133683919906616,0.0,0.5216339826583862,0.7915789473684209,11,True,True,True,True,True
56,0.4517471492290497,0.7052487730979919,0.034482758620689655,0.8906005620956421,0.3663157894736842,67,True,False,True,True,True
57,0.44439080357551575,0.9078779220581055,0.1724137931034483,0.6562171578407288,0.28157894736842104,79,True,False,False,True,True
58,0.4386896789073944,0.6314971446990967,0.0,0.7088304758071899,0.47684210526315796,56,False,True,True,True,True
59,0.6848275661468506,0.5758171081542969,0.06896551724137931,0.5533639192581177,0.5778947368421052,34,True,True,True,True,True
60,0.4342988431453705,0.758629560470581,0.10344827586206896,1.1093815565109253,0.2694736842105263,82,False,False,False,False,True
61,0.6495401859283447,0.5376513004302979,0.0,0.23822763562202454,0.7642105263157895,15,True,True,True,True,True
62,0.4112873375415802,0.6752933859825134,0.2413793103448276,0.5447548627853394,0.33684210526315794,69,False,False,True,True,True
63,0.8142299056053162,0.42222973704338074,0.034482758620689655,0.336362361907959,0.7752631578947369,14,True,True,True,True,True
64,0.46666666865348816,0.41649749875068665,0.0,0.4438590109348297,0.6494736842105263,25,True,True,True,True,True
65,0.656367838382721,0.7364230751991272,0.0,0.8221555948257446,0.5294736842105264,45,True,True,True,True,True
66,0.8870804905891418,0.3481411039829254,0.034482758620689655,0.36569744348526,0.7968421052631579,10,True,True,True,True,True
67,0.8521608114242554,0.582139790058136,0.10344827586206896,0.6755974292755127,0.6089473684210527,32,True,True,True,True,True
68,0.562666654586792,0.606531023979187,0.034482758620689655,0.7326380014419556,0.49105263157894735,53,True,True,True,True,True
69,0.657471239566803,0.5668136477470398,0.10344827586206896,0.35822227597236633,0.628421052631579,30,True,True,True,True,True
70,0.6941609978675842,1.0852954387664795,0.20689655172413793,1.616044044494629,0.31157894736842107,74,True,False,False,True,True
71,1.2857012748718262,0.3213442862033844,0.0,0.3607167899608612,0.8868421052631579,3,True,True,True,True,True
72,0.6889196038246155,0.571621298789978,0.034482758620689655,1.2739777565002441,0.5231578947368422,48,True,True,True,True,True
73,1.1158621311187744,0.32113116979599,0.0,0.24587106704711914,0.9031578947368422,2,True,True,True,True,True
74,0.3855632245540619,0.6234344840049744,0.0,0.9232195615768433,0.3884210526315789,65,False,False,True,True,True
75,1.6781147718429565,0.38314369320869446,0.0,0.477655827999115,0.8457894736842104,5,True,True,True,True,True
76,0.4935632050037384,0.6761173009872437,0.0,0.5410827398300171,0.5194736842105263,49,True,True,True,True,True
77,0.02314942516386509,5.264129638671875,0.9655172413793104,0.0,0.20157894736842105,88,False,False,False,False,True
78,0.3059999942779541,1.8975023031234741,0.7241379310344828,6.858564853668213,0.05473684210526315,94,False,False,False,False,False
79,0.6908506155014038,0.619465172290802,0.0,0.5058040618896484,0.6489473684210527,26,True,True,True,True,True
80,0.5237241387367249,0.4529593884944916,0.034482758620689655,0.22189366817474365,0.6536842105263159,24,True,True,True,True,True
81,0.15639081597328186,4.21628475189209,0.8620689655172413,6.069196701049805,0.018421052631578935,96,False,False,False,False,False
82,0.42947128415107727,0.7177214026451111,0.034482758620689655,0.9384253621101379,0.32052631578947366,73,False,False,False,True,True
83,0.26783907413482666,1.5157769918441772,0.5517241379310345,6.401364326477051,0.053157894736842126,95,False,False,False,False,False
84,0.38811492919921875,0.5579400658607483,0.0,0.291910320520401,0.5626315789473685,36,False,True,True,True,True
85,0.5468046069145203,0.5601558089256287,0.034482758620689655,0.4787265658378601,0.5578947368421052,39,True,True,True,True,True
86,0.4939769506454468,0.7575135827064514,0.034482758620689655,0.5683087706565857,0.42578947368421055,62,True,True,True,True,True
87,0.9336321353912354,0.8371735215187073,0.0,1.234569787979126,0.5310526315789474,44,True,True,True,True,True
88,0.5853563547134399,0.5781869888305664,0.0,0.7869659662246704,0.5421052631578948,42,True,True,True,True,True
89,0.506988525390625,0.449081689119339,0.0,0.5784487128257751,0.6094736842105263,31,True,True,True,True,True
90,0.6075403094291687,0.9473997950553894,0.034482758620689655,1.5403761863708496,0.3331578947368421,71,True,False,True,True,True
91,0.2547586262226105,0.5368358492851257,0.0,0.6777622103691101,0.4247368421052632,63,False,True,True,True,True
92,0.49202293157577515,0.6156060695648193,0.0,0.4912264943122864,0.5431578947368422,41,True,True,True,True,True
93,0.6308275461196899,0.6169843077659607,0.0,0.5294713973999023,0.6021052631578947,33,True,True,True,True,True
94,0.8179770708084106,0.5777314305305481,0.10344827586206896,0.3370320498943329,0.6789473684210526,21,True,True,True,True,True
95,0.3301379084587097,0.660002589225769,0.13793103448275862,0.46684738993644714,0.3352631578947369,70,False,False,True,True,True
